unique_num,campain_code,customer_code,customer_name,brand_code,brand_name,pro_code,pro_name,encrypt_procode,decrypt_procode,url
0,0_0_0,0,카탈로그,0,카탈로그,0,전시페이지,,,https://skt.sellerd.co.kr/m/event/sktlms/html?referrer=SKT_LMS&id=944&cid=Ts238U-skt001-oq23Mp&aid=0_0_0_[DATE]&mid=TMS&rid=[SEQ]
1,1_1_1,1,동국제약,1,동국제약,1,센텔리안24 프리미엄 콜라겐 3200,MTQ0Njc3Ng,1446776,https://skt.sellerd.co.kr/m/product/details/sktlms?referrer=SKT_LMS&cid=Ts238U-skt001-oq23Mp&proCode=MTQ0Njc3Ng&aid=1_1_1_[DATE]&mid=TMS&rid=[SEQ]
39,1_1_2,1,동국제약,1,동국제약,2,1. 센텔리안24 프리미엄 콜라겐 3200,MTQ3MDQ5Nw,1470497,https://skt.sellerd.co.kr/m/product/details/sktlms?referrer=SKT_LMS&cid=Ts238U-skt001-oq23Mp&proCode=MTQ3MDQ5Nw&aid=1_1_2_[DATE]&mid=TMS&rid=[SEQ]
2,2_1_1,2,브랜드블루,1,구찌,1,1. 시그니처 카드 케이스,MTQ1NDM1Mg,1454352,https://skt.sellerd.co.kr/m/product/details/sktlms?referrer=SKT_LMS&cid=Ts238U-skt001-oq23Mp&proCode=MTQ1NDM1Mg&aid=2_1_1_[DATE]&mid=TMS&rid=[SEQ]
2,2_1_2,2,브랜드블루,1,구찌,2,2. 마몬트 가죽 카드 케이스,MTQ1NDM1Ng,1454356,https://skt.sellerd.co.kr/m/product/details/sktlms?referrer=SKT_LMS&cid=Ts238U-skt001-oq23Mp&proCode=MTQ1NDM1Ng&aid=2_1_2_[DATE]&mid=TMS&rid=[SEQ]
2,2_1_3,2,브랜드블루,1,구찌,3,3. 스트라이프 레더 반지갑,MTQ1NDM0OQ,1454349,https://skt.sellerd.co.kr/m/product/details/sktlms?referrer=SKT_LMS&cid=Ts238U-skt001-oq23Mp&proCode=MTQ1NDM0OQ&aid=2_1_3_[DATE]&mid=TMS&rid=[SEQ]
2,2_1_4,2,브랜드블루,1,구찌,4,4. 스네이크 프린트 가죽 지갑,MTQ1NDM1MQ,1454351,https://skt.sellerd.co.kr/m/product/details/sktlms?referrer=SKT_LMS&cid=Ts238U-skt001-oq23Mp&proCode=MTQ1NDM1MQ&aid=2_1_4_[DATE]&mid=TMS&rid=[SEQ]
2,2_1_5,2,브랜드블루,1,구찌,5,5. GG 마몬트 카드 케이스,MTQ1NDM1NQ,1454355,https://skt.sellerd.co.kr/m/product/details/sktlms?referrer=SKT_LMS&cid=Ts238U-skt001-oq23Mp&proCode=MTQ1NDM1NQ&aid=2_1_5_[DATE]&mid=TMS&rid=[SEQ]
2,2_1_6,2,브랜드블루,1,구찌,6,6. GG 마몬트 가죽 동전 지갑,MTQ1NDM1MA,1454350,https://skt.sellerd.co.kr/m/product/details/sktlms?referrer=SKT_LMS&cid=Ts238U-skt001-oq23Mp&proCode=MTQ1NDM1MA&aid=2_1_6_[DATE]&mid=TMS&rid=[SEQ]
2,2_1_7,2,브랜드블루,1,구찌,7,7. 에이스 타이거 자수 스니커즈,MTQ1NDM1Nw,1454357,https://skt.sellerd.co.kr/m/product/details/sktlms?referrer=SKT_LMS&cid=Ts238U-skt001-oq23Mp&proCode=MTQ1NDM1Nw&aid=2_1_7_[DATE]&mid=TMS&rid=[SEQ]
2,2_1_8,2,브랜드블루,1,구찌,8,8. 로고 플랫폼 에스파드류,MTQ1NDM1OQ,1454359,https://skt.sellerd.co.kr/m/product/details/sktlms?referrer=SKT_LMS&cid=Ts238U-skt001-oq23Mp&proCode=MTQ1NDM1OQ&aid=2_1_8_[DATE]&mid=TMS&rid=[SEQ]
2,2_1_9,2,브랜드블루,1,구찌,9,9. 패드락 GG 수프림 반지갑,MTQ1NDM1NA,1454354,https://skt.sellerd.co.kr/m/product/details/sktlms?referrer=SKT_LMS&cid=Ts238U-skt001-oq23Mp&proCode=MTQ1NDM1NA&aid=2_1_9_[DATE]&mid=TMS&rid=[SEQ]
2,2_1_10,2,브랜드블루,1,구찌,10,10. 웹 디테일 미드힐 펌프스,MTQ1NDM1OA,1454358,https://skt.sellerd.co.kr/m/product/details/sktlms?referrer=SKT_LMS&cid=Ts238U-skt001-oq23Mp&proCode=MTQ1NDM1OA&aid=2_1_10_[DATE]&mid=TMS&rid=[SEQ]
2,2_1_11,2,브랜드블루,1,구찌,11,11. 오피디아 지퍼 장지갑,MTQ1NDM1Mw,1454353,https://skt.sellerd.co.kr/m/product/details/sktlms?referrer=SKT_LMS&cid=Ts238U-skt001-oq23Mp&proCode=MTQ1NDM1Mw&aid=2_1_11_[DATE]&mid=TMS&rid=[SEQ]
2,2_1_12,2,브랜드블루,1,구찌,12,12. GG 수프림 벨트백,MTQ1NDM0NA,1454344,https://skt.sellerd.co.kr/m/product/details/sktlms?referrer=SKT_LMS&cid=Ts238U-skt001-oq23Mp&proCode=MTQ1NDM0NA&aid=2_1_12_[DATE]&mid=TMS&rid=[SEQ]
2,2_1_13,2,브랜드블루,1,구찌,13,13. GG 수프림 타이거 프린트 클러치,MTQ1NDM0Mw,1454343,https://skt.sellerd.co.kr/m/product/details/sktlms?referrer=SKT_LMS&cid=Ts238U-skt001-oq23Mp&proCode=MTQ1NDM0Mw&aid=2_1_13_[DATE]&mid=TMS&rid=[SEQ]
2,2_1_14,2,브랜드블루,1,구찌,14,14. GG 마몬트 미니 라운드 숄더백,MTQ1NDM0Nw,1454347,https://skt.sellerd.co.kr/m/product/details/sktlms?referrer=SKT_LMS&cid=Ts238U-skt001-oq23Mp&proCode=MTQ1NDM0Nw&aid=2_1_14_[DATE]&mid=TMS&rid=[SEQ]
2,2_1_15,2,브랜드블루,1,구찌,15,15. 네오 빈티지 스몰 메신저 백,MTQ1NDM0NQ,1454345,https://skt.sellerd.co.kr/m/product/details/sktlms?referrer=SKT_LMS&cid=Ts238U-skt001-oq23Mp&proCode=MTQ1NDM0NQ&aid=2_1_15_[DATE]&mid=TMS&rid=[SEQ]
2,2_1_16,2,브랜드블루,1,구찌,16,16. GG 수프림 숄더백,MTQ1NDM0Ng,1454346,https://skt.sellerd.co.kr/m/product/details/sktlms?referrer=SKT_LMS&cid=Ts238U-skt001-oq23Mp&proCode=MTQ1NDM0Ng&aid=2_1_16_[DATE]&mid=TMS&rid=[SEQ]
2,2_1_17,2,브랜드블루,1,구찌,17,17. 디오니서스 미니 가죽 숄더백,MTQ1NDM0OA,1454348,https://skt.sellerd.co.kr/m/product/details/sktlms?referrer=SKT_LMS&cid=Ts238U-skt001-oq23Mp&proCode=MTQ1NDM0OA&aid=2_1_17_[DATE]&mid=TMS&rid=[SEQ]
2,2_1_18,2,브랜드블루,1,구찌,18,1. GG 수프림 오피디아 클러치백,MTQ3MDUzMQ,1470531,https://skt.sellerd.co.kr/m/product/details/sktlms?referrer=SKT_LMS&cid=Ts238U-skt001-oq23Mp&proCode=MTQ3MDUzMQ&aid=2_1_18_[DATE]&mid=TMS&rid=[SEQ]
2,2_1_19,2,브랜드블루,1,구찌,19,2. 오피디아 미니백,MTQ3MDUzMw,1470533,https://skt.sellerd.co.kr/m/product/details/sktlms?referrer=SKT_LMS&cid=Ts238U-skt001-oq23Mp&proCode=MTQ3MDUzMw&aid=2_1_19_[DATE]&mid=TMS&rid=[SEQ]
2,2_1_20,2,브랜드블루,1,구찌,20,3. GG 수프림 밴드 벨트백,MTQ3MDU0NA,1470544,https://skt.sellerd.co.kr/m/product/details/sktlms?referrer=SKT_LMS&cid=Ts238U-skt001-oq23Mp&proCode=MTQ3MDU0NA&aid=2_1_20_[DATE]&mid=TMS&rid=[SEQ]
2,2_1_21,2,브랜드블루,1,구찌,21,6. 여성 미드힐 슬라이드,MTQ3MDUzNQ,1470535,https://skt.sellerd.co.kr/m/product/details/sktlms?referrer=SKT_LMS&cid=Ts238U-skt001-oq23Mp&proCode=MTQ3MDUzNQ&aid=2_1_21_[DATE]&mid=TMS&rid=[SEQ]
2,2_1_22,2,브랜드블루,1,구찌,22,7. GG마몬트 에스파듀 샌들,MTQ3MDUzNw,1470537,https://skt.sellerd.co.kr/m/product/details/sktlms?referrer=SKT_LMS&cid=Ts238U-skt001-oq23Mp&proCode=MTQ3MDUzNw&aid=2_1_22_[DATE]&mid=TMS&rid=[SEQ]
2,2_1_23,2,브랜드블루,1,구찌,23,8. 에이스 가죽 스니커즈,MTQ3MDUzOQ,1470539,https://skt.sellerd.co.kr/m/product/details/sktlms?referrer=SKT_LMS&cid=Ts238U-skt001-oq23Mp&proCode=MTQ3MDUzOQ&aid=2_1_23_[DATE]&mid=TMS&rid=[SEQ]
2,2_1_24,2,브랜드블루,1,구찌,24,10. GG수프림 동전 지갑,MTQ3MDU0MA,1470540,https://skt.sellerd.co.kr/m/product/details/sktlms?referrer=SKT_LMS&cid=Ts238U-skt001-oq23Mp&proCode=MTQ3MDU0MA&aid=2_1_24_[DATE]&mid=TMS&rid=[SEQ]
2,2_1_28,2,브랜드블루,1,구찌,28,11. GG 마몬트 반지갑,MTQ3MDU0MQ,1470541,https://skt.sellerd.co.kr/m/product/details/sktlms?referrer=SKT_LMS&cid=Ts238U-skt001-oq23Mp&proCode=MTQ3MDU0MQ&aid=2_1_28_[DATE]&mid=TMS&rid=[SEQ]
2,2_1_26,2,브랜드블루,1,구찌,26,12. GG 마몬트 장지갑,MTQ3MDU0Mg,1470542,https://skt.sellerd.co.kr/m/product/details/sktlms?referrer=SKT_LMS&cid=Ts238U-skt001-oq23Mp&proCode=MTQ3MDU0Mg&aid=2_1_26_[DATE]&mid=TMS&rid=[SEQ]
3,2_2_1,2,브랜드블루,2,Burberry,1,1. 빈티지 체크 가죽 카드 케이스,MTQ1NDM2MA,1454360,https://skt.sellerd.co.kr/m/product/details/sktlms?referrer=SKT_LMS&cid=Ts238U-skt001-oq23Mp&proCode=MTQ1NDM2MA&aid=2_2_1_[DATE]&mid=TMS&rid=[SEQ]
3,2_2_2,2,브랜드블루,2,Burberry,2,2. 그레이니 가죽 스퀘어 지퍼 반지갑,MTQ1NDM2OQ,1454369,https://skt.sellerd.co.kr/m/product/details/sktlms?referrer=SKT_LMS&cid=Ts238U-skt001-oq23Mp&proCode=MTQ1NDM2OQ&aid=2_2_2_[DATE]&mid=TMS&rid=[SEQ]
3,2_2_3,2,브랜드블루,2,Burberry,3,3. 빈티지 체크 가죽 지퍼 블랙 장지갑,MTQ1NDM2OA,1454368,https://skt.sellerd.co.kr/m/product/details/sktlms?referrer=SKT_LMS&cid=Ts238U-skt001-oq23Mp&proCode=MTQ1NDM2OA&aid=2_2_3_[DATE]&mid=TMS&rid=[SEQ]
3,2_2_4,2,브랜드블루,2,Burberry,4,4. 레터링 로고 코튼 클러치백,MTQ1NDM2Nw,1454367,https://skt.sellerd.co.kr/m/product/details/sktlms?referrer=SKT_LMS&cid=Ts238U-skt001-oq23Mp&proCode=MTQ1NDM2Nw&aid=2_2_4_[DATE]&mid=TMS&rid=[SEQ]
3,2_2_5,2,브랜드블루,2,Burberry,5,5. 자이언트 니트 숄더백,MTQ1NDM2NA,1454364,https://skt.sellerd.co.kr/m/product/details/sktlms?referrer=SKT_LMS&cid=Ts238U-skt001-oq23Mp&proCode=MTQ1NDM2NA&aid=2_2_5_[DATE]&mid=TMS&rid=[SEQ]
3,2_2_6,2,브랜드블루,2,Burberry,6,6. 투톤 가죽 숄더/크로스백,MTQ1NDM2NQ,1454365,https://skt.sellerd.co.kr/m/product/details/sktlms?referrer=SKT_LMS&cid=Ts238U-skt001-oq23Mp&proCode=MTQ1NDM2NQ&aid=2_2_6_[DATE]&mid=TMS&rid=[SEQ]
3,2_2_7,2,브랜드블루,2,Burberry,7,7. 빈티지 체크 미디엄 럭색,MTQ1NDM2MQ,1454361,https://skt.sellerd.co.kr/m/product/details/sktlms?referrer=SKT_LMS&cid=Ts238U-skt001-oq23Mp&proCode=MTQ1NDM2MQ&aid=2_2_7_[DATE]&mid=TMS&rid=[SEQ]
3,2_2_8,2,브랜드블루,2,Burberry,8,8. 빈티지 체크 가죽 배너 스몰,MTQ1NDM2Mw,1454363,https://skt.sellerd.co.kr/m/product/details/sktlms?referrer=SKT_LMS&cid=Ts238U-skt001-oq23Mp&proCode=MTQ1NDM2Mw&aid=2_2_8_[DATE]&mid=TMS&rid=[SEQ]
3,2_2_9,2,브랜드블루,2,Burberry,9,9. 미디엄 빈티지 체크 가죽 배너 토트백,MTQ1NDM2Ng,1454366,https://skt.sellerd.co.kr/m/product/details/sktlms?referrer=SKT_LMS&cid=Ts238U-skt001-oq23Mp&proCode=MTQ1NDM2Ng&aid=2_2_9_[DATE]&mid=TMS&rid=[SEQ]
3,2_2_10,2,브랜드블루,2,Burberry,10,10. 스몰 빈티지 체크 D링 숄더백,MTQ1NDM2Mg,1454362,https://skt.sellerd.co.kr/m/product/details/sktlms?referrer=SKT_LMS&cid=Ts238U-skt001-oq23Mp&proCode=MTQ1NDM2Mg&aid=2_2_10_[DATE]&mid=TMS&rid=[SEQ]
3,2_2_11,2,브랜드블루,2,Burberry,11,11. 미디엄 가죽 TB백 (8010335),MTQ3MDU3MQ,1470571,https://skt.sellerd.co.kr/m/product/details/sktlms?referrer=SKT_LMS&cid=Ts238U-skt001-oq23Mp&proCode=MTQ3MDU3MQ&aid=2_2_11_[DATE]&mid=TMS&rid=[SEQ]
3,2_2_12,2,브랜드블루,2,Burberry,12,12. 스몰 가죽 벨트 토트백 (8006577),MTQ3MDU3MA,1470570,https://skt.sellerd.co.kr/m/product/details/sktlms?referrer=SKT_LMS&cid=Ts238U-skt001-oq23Mp&proCode=MTQ3MDU3MA&aid=2_2_12_[DATE]&mid=TMS&rid=[SEQ]
3,2_2_13,2,브랜드블루,2,Burberry,13,13. 스몰 호스페리 프린트 그레이스백 (8026096),MTQ3MDU2OQ,1470569,https://skt.sellerd.co.kr/m/product/details/sktlms?referrer=SKT_LMS&cid=Ts238U-skt001-oq23Mp&proCode=MTQ3MDU2OQ&aid=2_2_13_[DATE]&mid=TMS&rid=[SEQ]
3,2_2_14,2,브랜드블루,2,Burberry,14,14. 미디엄 빈티지 체크 범백 (8026557),MTQ3MDU2Nw,1470567,https://skt.sellerd.co.kr/m/product/details/sktlms?referrer=SKT_LMS&cid=Ts238U-skt001-oq23Mp&proCode=MTQ3MDU2Nw&aid=2_2_14_[DATE]&mid=TMS&rid=[SEQ]
3,2_2_15,2,브랜드블루,2,Burberry,15,15. 디태처블 스트랩 빈티지 체크 미니 숄더백 (8015135),MTQ3MDU2Ng,1470566,https://skt.sellerd.co.kr/m/product/details/sktlms?referrer=SKT_LMS&cid=Ts238U-skt001-oq23Mp&proCode=MTQ3MDU2Ng&aid=2_2_15_[DATE]&mid=TMS&rid=[SEQ]
3,2_2_16,2,브랜드블루,2,Burberry,16,16. 디태처블 스트랩 빈티지 미니 레드 숄더백 (8015136),MTQ3MDU2NQ,1470565,https://skt.sellerd.co.kr/m/product/details/sktlms?referrer=SKT_LMS&cid=Ts238U-skt001-oq23Mp&proCode=MTQ3MDU2NQ&aid=2_2_16_[DATE]&mid=TMS&rid=[SEQ]
3,2_2_17,2,브랜드블루,2,Burberry,17,17. 디태처블 스트랩 빈티지 미니 숄더백 (8015350),MTQ3MDU2NA,1470564,https://skt.sellerd.co.kr/m/product/details/sktlms?referrer=SKT_LMS&cid=Ts238U-skt001-oq23Mp&proCode=MTQ3MDU2NA&aid=2_2_17_[DATE]&mid=TMS&rid=[SEQ]
3,2_2_18,2,브랜드블루,2,Burberry,18,18. 그레이니 TB 체인 카드케이스 (8022436),MTQ3MDU2Mw,1470563,https://skt.sellerd.co.kr/m/product/details/sktlms?referrer=SKT_LMS&cid=Ts238U-skt001-oq23Mp&proCode=MTQ3MDU2Mw&aid=2_2_18_[DATE]&mid=TMS&rid=[SEQ]
3,2_2_19,2,브랜드블루,2,Burberry,19,19. 빈티지 체크 반지갑(4073137),MTQ3MDU2Mg,1470562,https://skt.sellerd.co.kr/m/product/details/sktlms?referrer=SKT_LMS&cid=Ts238U-skt001-oq23Mp&proCode=MTQ3MDU2Mg&aid=2_2_19_[DATE]&mid=TMS&rid=[SEQ]
3,2_2_20,2,브랜드블루,2,Burberry,20,20. 빈티지 체크 장지갑 (4077786),MTQ3MDU2MQ,1470561,https://skt.sellerd.co.kr/m/product/details/sktlms?referrer=SKT_LMS&cid=Ts238U-skt001-oq23Mp&proCode=MTQ3MDU2MQ&aid=2_2_20_[DATE]&mid=TMS&rid=[SEQ]
3,2_2_21,2,브랜드블루,2,Burberry,21,21. 빈티지 체크 가죽 지퍼 카드지갑 (8022562),MTQ3MDU1OA,1470558,https://skt.sellerd.co.kr/m/product/details/sktlms?referrer=SKT_LMS&cid=Ts238U-skt001-oq23Mp&proCode=MTQ3MDU1OA&aid=2_2_21_[DATE]&mid=TMS&rid=[SEQ]
3,2_2_22,2,브랜드블루,2,Burberry,22,22. 그레이니 가죽 카드 케이스 (8014662),MTQ3MDU1Nw,1470557,https://skt.sellerd.co.kr/m/product/details/sktlms?referrer=SKT_LMS&cid=Ts238U-skt001-oq23Mp&proCode=MTQ3MDU1Nw&aid=2_2_22_[DATE]&mid=TMS&rid=[SEQ]
4,2_3_1,2,브랜드블루,3,RIMOWA,1,1. Limbo / 882.63.34.5,MTQ0NzMwOQ,1447309,https://skt.sellerd.co.kr/m/product/details/sktlms?referrer=SKT_LMS&cid=Ts238U-skt001-oq23Mp&proCode=MTQ0NzMwOQ&aid=2_3_1_[DATE]&mid=TMS&rid=[SEQ]
4,2_3_1,2,브랜드블루,3,RIMOWA,1,2. Limbo / 882.70.34.5,MTQ0NzMwOQ,1447309,https://skt.sellerd.co.kr/m/product/details/sktlms?referrer=SKT_LMS&cid=Ts238U-skt001-oq23Mp&proCode=MTQ0NzMwOQ&aid=2_3_1_[DATE]&mid=TMS&rid=[SEQ]
4,2_3_1,2,브랜드블루,3,RIMOWA,1,3. Limbo / 882.73.34.5,MTQ0NzMwOQ,1447309,https://skt.sellerd.co.kr/m/product/details/sktlms?referrer=SKT_LMS&cid=Ts238U-skt001-oq23Mp&proCode=MTQ0NzMwOQ&aid=2_3_1_[DATE]&mid=TMS&rid=[SEQ]
47,2_4_1,2,브랜드블루,4,BAO BAO,1,1. 플래티넘 메탈릭 스몰 토트백,MTQ3MDU3OQ,1470579,https://skt.sellerd.co.kr/m/product/details/sktlms?referrer=SKT_LMS&cid=Ts238U-skt001-oq23Mp&proCode=MTQ3MDU3OQ&aid=2_4_1_[DATE]&mid=TMS&rid=[SEQ]
47,2_4_2,2,브랜드블루,4,BAO BAO,2,2. 플래티넘 실버 라지 토트백,MTQ3MDU4MA,1470580,https://skt.sellerd.co.kr/m/product/details/sktlms?referrer=SKT_LMS&cid=Ts238U-skt001-oq23Mp&proCode=MTQ3MDU4MA&aid=2_4_2_[DATE]&mid=TMS&rid=[SEQ]
47,2_4_3,2,브랜드블루,4,BAO BAO,3,3. 루센트 크로스백(블랙),MTQ3MDU3Mg,1470572,https://skt.sellerd.co.kr/m/product/details/sktlms?referrer=SKT_LMS&cid=Ts238U-skt001-oq23Mp&proCode=MTQ3MDU3Mg&aid=2_4_3_[DATE]&mid=TMS&rid=[SEQ]
47,2_4_4,2,브랜드블루,4,BAO BAO,4,4. 루센트 크로스백(화이트),MTQ3MDU3Mw,1470573,https://skt.sellerd.co.kr/m/product/details/sktlms?referrer=SKT_LMS&cid=Ts238U-skt001-oq23Mp&proCode=MTQ3MDU3Mw&aid=2_4_4_[DATE]&mid=TMS&rid=[SEQ]
47,2_4_5,2,브랜드블루,4,BAO BAO,5,5. 프리즘 토트백,MTQ3MDU3NQ,1470575,https://skt.sellerd.co.kr/m/product/details/sktlms?referrer=SKT_LMS&cid=Ts238U-skt001-oq23Mp&proCode=MTQ3MDU3NQ&aid=2_4_5_[DATE]&mid=TMS&rid=[SEQ]
47,2_4_6,2,브랜드블루,4,BAO BAO,6,6. 카톤 슬래시 크로스백(화이트),MTQ3MDU3Ng,1470576,https://skt.sellerd.co.kr/m/product/details/sktlms?referrer=SKT_LMS&cid=Ts238U-skt001-oq23Mp&proCode=MTQ3MDU3Ng&aid=2_4_6_[DATE]&mid=TMS&rid=[SEQ]
47,2_4_7,2,브랜드블루,4,BAO BAO,7,7. 카톤 슬래시 크로스백(블랙),MTQ3MDU3Nw,1470577,https://skt.sellerd.co.kr/m/product/details/sktlms?referrer=SKT_LMS&cid=Ts238U-skt001-oq23Mp&proCode=MTQ3MDU3Nw&aid=2_4_7_[DATE]&mid=TMS&rid=[SEQ]
47,2_4_8,2,브랜드블루,4,BAO BAO,8,8. 카톤 슬래시 크로스백(실버),MTQ3MDU3OA,1470578,https://skt.sellerd.co.kr/m/product/details/sktlms?referrer=SKT_LMS&cid=Ts238U-skt001-oq23Mp&proCode=MTQ3MDU3OA&aid=2_4_8_[DATE]&mid=TMS&rid=[SEQ]
5,3_1_1,3,Swarovski,1,Swarovski,1,1. Naughty Necklace Mini(5495292),MTQ1NDgyOQ,1454829,https://skt.sellerd.co.kr/m/product/details/sktlms?referrer=SKT_LMS&cid=Ts238U-skt001-oq23Mp&proCode=MTQ1NDgyOQ&aid=3_1_1_[DATE]&mid=TMS&rid=[SEQ]
5,3_1_2,3,Swarovski,1,Swarovski,2,2. Naughty 후프 이어링(5497872),MTQ1NDgzMA,1454830,https://skt.sellerd.co.kr/m/product/details/sktlms?referrer=SKT_LMS&cid=Ts238U-skt001-oq23Mp&proCode=MTQ1NDgzMA&aid=3_1_2_[DATE]&mid=TMS&rid=[SEQ]
5,3_1_3,3,Swarovski,1,Swarovski,3,3. Lifelong Heart Necklace(5517951),MTQ1NDgzMg,1454832,https://skt.sellerd.co.kr/m/product/details/sktlms?referrer=SKT_LMS&cid=Ts238U-skt001-oq23Mp&proCode=MTQ1NDgzMg&aid=3_1_3_[DATE]&mid=TMS&rid=[SEQ]
5,3_1_4,3,Swarovski,1,Swarovski,4,4. Lifelong Heart 펜던트 (5516542),MTQ3MDU1NA,1470554,https://skt.sellerd.co.kr/m/product/details/sktlms?referrer=SKT_LMS&cid=Ts238U-skt001-oq23Mp&proCode=MTQ3MDU1NA&aid=3_1_4_[DATE]&mid=TMS&rid=[SEQ]
5,3_1_5,3,Swarovski,1,Swarovski,5,5. Dazzling Swan Necklace (5469989),MTQ3MDU1NQ,1470555,https://skt.sellerd.co.kr/m/product/details/sktlms?referrer=SKT_LMS&cid=Ts238U-skt001-oq23Mp&proCode=MTQ3MDU1NQ&aid=3_1_5_[DATE]&mid=TMS&rid=[SEQ]
5,3_1_6,3,Swarovski,1,Swarovski,6,6. Swarovski Symbol Pendant (5489534),MTQ3MDU1Ng,1470556,https://skt.sellerd.co.kr/m/product/details/sktlms?referrer=SKT_LMS&cid=Ts238U-skt001-oq23Mp&proCode=MTQ3MDU1Ng&aid=3_1_6_[DATE]&mid=TMS&rid=[SEQ]
6,4_1_1,4,파크론,1,아소방,1,프라임 놀이방매트210_마블캐슬,MTQ0Njc3Nw,1446777,https://skt.sellerd.co.kr/m/product/details/sktlms?referrer=SKT_LMS&cid=Ts238U-skt001-oq23Mp&proCode=MTQ0Njc3Nw&aid=4_1_1_[DATE]&mid=TMS&rid=[SEQ]
7,4_2_1,4,파크론,2,파크론 - 퓨어소프트,1,퓨어소프트250_치즈온더마우스,MTQ0NzgxMA,1447810,https://skt.sellerd.co.kr/m/product/details/sktlms?referrer=SKT_LMS&cid=Ts238U-skt001-oq23Mp&proCode=MTQ0NzgxMA&aid=4_2_1_[DATE]&mid=TMS&rid=[SEQ]
8,4_3_1,4,파크론,3,파크론 - 주방매트,1,1. 주방매트15T(대)_어반헤링본,MTQ0NzgxMQ,1447811,https://skt.sellerd.co.kr/m/product/details/sktlms?referrer=SKT_LMS&cid=Ts238U-skt001-oq23Mp&proCode=MTQ0NzgxMQ&aid=4_3_1_[DATE]&mid=TMS&rid=[SEQ]
8,4_3_1,4,파크론,3,파크론 - 주방매트,1,2. 주방매트15T(특대)_어반헤링본,MTQ0NzgxMQ,1447811,https://skt.sellerd.co.kr/m/product/details/sktlms?referrer=SKT_LMS&cid=Ts238U-skt001-oq23Mp&proCode=MTQ0NzgxMQ&aid=4_3_1_[DATE]&mid=TMS&rid=[SEQ]
9,4_4_1,4,파크론,4,파크론 - 캠핑매트,1,1. 디자인 캠핑매트 1P_인디포레,MTQ0Njc3OA,1446778,https://skt.sellerd.co.kr/m/product/details/sktlms?referrer=SKT_LMS&cid=Ts238U-skt001-oq23Mp&proCode=MTQ0Njc3OA&aid=4_4_1_[DATE]&mid=TMS&rid=[SEQ]
9,4_4_1,4,파크론,4,파크론 - 캠핑매트,1,2. 디자인 캠핑매트 2P_인디포레,MTQ0Njc3OA,1446778,https://skt.sellerd.co.kr/m/product/details/sktlms?referrer=SKT_LMS&cid=Ts238U-skt001-oq23Mp&proCode=MTQ0Njc3OA&aid=4_4_1_[DATE]&mid=TMS&rid=[SEQ]
10,4_5_1,4,파크론,5,펫노리터,1,1. 포근하개 그레이 클라우드 스텝 35,MTQ0NzMwMQ,1447301,https://skt.sellerd.co.kr/m/product/details/sktlms?referrer=SKT_LMS&cid=Ts238U-skt001-oq23Mp&proCode=MTQ0NzMwMQ&aid=4_5_1_[DATE]&mid=TMS&rid=[SEQ]
37,4_6_1,4,파크론,6,"파크론-
클라우드 캠핑매트",1,1. 클라우드 캠핑매트 트로피칼 (자동충전식),MTQ3MDQ5Mg,1470492,https://skt.sellerd.co.kr/m/product/details/sktlms?referrer=SKT_LMS&cid=Ts238U-skt001-oq23Mp&proCode=MTQ3MDQ5Mg&aid=4_6_1_[DATE]&mid=TMS&rid=[SEQ]
11,5_1_1,5,코지마,1,코지마,1,1. 트위스터 목어깨 마사지기 CMN-100WL,MTQ0NjMwNg,1446306,https://skt.sellerd.co.kr/m/product/details/sktlms?referrer=SKT_LMS&cid=Ts238U-skt001-oq23Mp&proCode=MTQ0NjMwNg&aid=5_1_1_[DATE]&mid=TMS&rid=[SEQ]
11,5_1_1,5,코지마,1,코지마,1,2. 젤리팜 손마사지기 CMG-360,MTQ0NjMwNg,1446306,https://skt.sellerd.co.kr/m/product/details/sktlms?referrer=SKT_LMS&cid=Ts238U-skt001-oq23Mp&proCode=MTQ0NjMwNg&aid=5_1_1_[DATE]&mid=TMS&rid=[SEQ]
11,5_1_1,5,코지마,1,코지마,1,3. 빅풋 발마사지기 CMF-630,MTQ0NjMwNg,1446306,https://skt.sellerd.co.kr/m/product/details/sktlms?referrer=SKT_LMS&cid=Ts238U-skt001-oq23Mp&proCode=MTQ0NjMwNg&aid=5_1_1_[DATE]&mid=TMS&rid=[SEQ]
12,6_1_1,6,불스원,1,밸런스온,1,1. 밸런스온 FIT 시트,MTQ0NzMyMQ,1447321,https://skt.sellerd.co.kr/m/product/details/sktlms?referrer=SKT_LMS&cid=Ts238U-skt001-oq23Mp&proCode=MTQ0NzMyMQ&aid=6_1_1_[DATE]&mid=TMS&rid=[SEQ]
12,6_1_1,6,불스원,1,밸런스온,1,2. 밸런스온 디즈니 FIT 시트 (디자인 4종),MTQ0NzMyMQ,1447321,https://skt.sellerd.co.kr/m/product/details/sktlms?referrer=SKT_LMS&cid=Ts238U-skt001-oq23Mp&proCode=MTQ0NzMyMQ&aid=6_1_1_[DATE]&mid=TMS&rid=[SEQ]
12,6_1_1,6,불스원,1,밸런스온,1,3. 밸런스온시트 Red Edition(M),MTQ0NzMyMQ,1447321,https://skt.sellerd.co.kr/m/product/details/sktlms?referrer=SKT_LMS&cid=Ts238U-skt001-oq23Mp&proCode=MTQ0NzMyMQ&aid=6_1_1_[DATE]&mid=TMS&rid=[SEQ]
12,6_1_1,6,불스원,1,밸런스온,1,4. 밸런스온 에어셀필로우+,MTQ0NzMyMQ,1447321,https://skt.sellerd.co.kr/m/product/details/sktlms?referrer=SKT_LMS&cid=Ts238U-skt001-oq23Mp&proCode=MTQ0NzMyMQ&aid=6_1_1_[DATE]&mid=TMS&rid=[SEQ]
13,7_1_1,7,쎌바이오텍,1,듀오락,1,1. 아기 유산균 2통 (60일분),MTQ1NDg0OQ,1454849,https://skt.sellerd.co.kr/m/product/details/sktlms?referrer=SKT_LMS&cid=Ts238U-skt001-oq23Mp&proCode=MTQ1NDg0OQ&aid=7_1_1_[DATE]&mid=TMS&rid=[SEQ]
13,7_1_1,7,쎌바이오텍,1,듀오락,1,2. 키즈 유산균 2통 (60일분),MTQ1NDg0OQ,1454849,https://skt.sellerd.co.kr/m/product/details/sktlms?referrer=SKT_LMS&cid=Ts238U-skt001-oq23Mp&proCode=MTQ1NDg0OQ&aid=7_1_1_[DATE]&mid=TMS&rid=[SEQ]
13,7_1_1,7,쎌바이오텍,1,듀오락,1,3. 온가족 유산균 2통 (60일분),MTQ1NDg0OQ,1454849,https://skt.sellerd.co.kr/m/product/details/sktlms?referrer=SKT_LMS&cid=Ts238U-skt001-oq23Mp&proCode=MTQ1NDg0OQ&aid=7_1_1_[DATE]&mid=TMS&rid=[SEQ]
13,7_1_1,7,쎌바이오텍,1,듀오락,1,4. 데일리키즈 유산균 2통 (60일분),MTQ1NDg0OQ,1454849,https://skt.sellerd.co.kr/m/product/details/sktlms?referrer=SKT_LMS&cid=Ts238U-skt001-oq23Mp&proCode=MTQ1NDg0OQ&aid=7_1_1_[DATE]&mid=TMS&rid=[SEQ]
13,7_1_1,7,쎌바이오텍,1,듀오락,1,5. 바이탈리티 유산균 2통 (60일분),MTQ1NDg0OQ,1454849,https://skt.sellerd.co.kr/m/product/details/sktlms?referrer=SKT_LMS&cid=Ts238U-skt001-oq23Mp&proCode=MTQ1NDg0OQ&aid=7_1_1_[DATE]&mid=TMS&rid=[SEQ]
13,7_1_2,7,쎌바이오텍,1,듀오락,2,1. 비움클린 유산균 2통 (30일분),MTQ1NDg1MA,1454850,https://skt.sellerd.co.kr/m/product/details/sktlms?referrer=SKT_LMS&cid=Ts238U-skt001-oq23Mp&proCode=MTQ1NDg1MA&aid=7_1_2_[DATE]&mid=TMS&rid=[SEQ]
13,7_1_2,7,쎌바이오텍,1,듀오락,2,2. 채움뷰티 유산균 2통 (30일분),MTQ1NDg1MA,1454850,https://skt.sellerd.co.kr/m/product/details/sktlms?referrer=SKT_LMS&cid=Ts238U-skt001-oq23Mp&proCode=MTQ1NDg1MA&aid=7_1_2_[DATE]&mid=TMS&rid=[SEQ]
13,7_1_3,7,쎌바이오텍,1,듀오락,3,1. 비타민C 유산균 2통 (60일분),MTQ1NDg1MQ,1454851,https://skt.sellerd.co.kr/m/product/details/sktlms?referrer=SKT_LMS&cid=Ts238U-skt001-oq23Mp&proCode=MTQ1NDg1MQ&aid=7_1_3_[DATE]&mid=TMS&rid=[SEQ]
13,7_1_3,7,쎌바이오텍,1,듀오락,3,2. 비타민B복합 유산균 2통 (60일분),MTQ1NDg1MQ,1454851,https://skt.sellerd.co.kr/m/product/details/sktlms?referrer=SKT_LMS&cid=Ts238U-skt001-oq23Mp&proCode=MTQ1NDg1MQ&aid=7_1_3_[DATE]&mid=TMS&rid=[SEQ]
13,7_1_3,7,쎌바이오텍,1,듀오락,3,3. 멀티비타민 유산균 2통 (60일분),MTQ1NDg1MQ,1454851,https://skt.sellerd.co.kr/m/product/details/sktlms?referrer=SKT_LMS&cid=Ts238U-skt001-oq23Mp&proCode=MTQ1NDg1MQ&aid=7_1_3_[DATE]&mid=TMS&rid=[SEQ]
13,7_1_4,7,쎌바이오텍,1,듀오락,4,1. 은행잎추출물 유산균 2통 (60일분),MTQ1NDg1Mg,1454852,https://skt.sellerd.co.kr/m/product/details/sktlms?referrer=SKT_LMS&cid=Ts238U-skt001-oq23Mp&proCode=MTQ1NDg1Mg&aid=7_1_4_[DATE]&mid=TMS&rid=[SEQ]
13,7_1_5,7,쎌바이오텍,1,듀오락,5,[쎌바이오텍] 듀오락 비움클린 유산균 2통 (30일분) 외 10종,,1447311,https://skt.sellerd.co.kr/m/product/details/sktlms?referrer=SKT_LMS&cid=Ts238U-skt001-oq23Mp&proCode=&aid=7_1_5_[DATE]&mid=TMS&rid=[SEQ]
14,7_2_1,7,쎌바이오텍,2,락토클리어,1,1. 스킨플로라 젤폼 1개,MTQ0NzMxOA,1447318,https://skt.sellerd.co.kr/m/product/details/sktlms?referrer=SKT_LMS&cid=Ts238U-skt001-oq23Mp&proCode=MTQ0NzMxOA&aid=7_2_1_[DATE]&mid=TMS&rid=[SEQ]
14,7_2_1,7,쎌바이오텍,2,락토클리어,1,2. 스킨플로라 데일리 토너 1개,MTQ0NzMxOA,1447318,https://skt.sellerd.co.kr/m/product/details/sktlms?referrer=SKT_LMS&cid=Ts238U-skt001-oq23Mp&proCode=MTQ0NzMxOA&aid=7_2_1_[DATE]&mid=TMS&rid=[SEQ]
14,7_2_1,7,쎌바이오텍,2,락토클리어,1,3. 마스크팩 1박스(5개),MTQ0NzMxOA,1447318,https://skt.sellerd.co.kr/m/product/details/sktlms?referrer=SKT_LMS&cid=Ts238U-skt001-oq23Mp&proCode=MTQ0NzMxOA&aid=7_2_1_[DATE]&mid=TMS&rid=[SEQ]
14,7_2_1,7,쎌바이오텍,2,락토클리어,1,4. 스킨플로라 데일리 에센스 1개,MTQ0NzMxOA,1447318,https://skt.sellerd.co.kr/m/product/details/sktlms?referrer=SKT_LMS&cid=Ts238U-skt001-oq23Mp&proCode=MTQ0NzMxOA&aid=7_2_1_[DATE]&mid=TMS&rid=[SEQ]
14,7_2_1,7,쎌바이오텍,2,락토클리어,1,5. 스킨플로라 데일리 크림 1개,MTQ0NzMxOA,1447318,https://skt.sellerd.co.kr/m/product/details/sktlms?referrer=SKT_LMS&cid=Ts238U-skt001-oq23Mp&proCode=MTQ0NzMxOA&aid=7_2_1_[DATE]&mid=TMS&rid=[SEQ]
14,7_2_1,7,쎌바이오텍,2,락토클리어,1,6. 스킨플로라 스팟앰플 3개묶음,MTQ0NzMxOA,1447318,https://skt.sellerd.co.kr/m/product/details/sktlms?referrer=SKT_LMS&cid=Ts238U-skt001-oq23Mp&proCode=MTQ0NzMxOA&aid=7_2_1_[DATE]&mid=TMS&rid=[SEQ]
14,7_2_1,7,쎌바이오텍,2,락토클리어,1,7. 스킨플로라 크림 단품 1개,MTQ0NzMxOA,1447318,https://skt.sellerd.co.kr/m/product/details/sktlms?referrer=SKT_LMS&cid=Ts238U-skt001-oq23Mp&proCode=MTQ0NzMxOA&aid=7_2_1_[DATE]&mid=TMS&rid=[SEQ]
15,8_1_1,8,대상웰라이프,1,메이크미 외,1,1. 메이크미 밀크씨슬 21g 30캡슐/6개,MTQ0NzMxMA,1447310,https://skt.sellerd.co.kr/m/product/details/sktlms?referrer=SKT_LMS&cid=Ts238U-skt001-oq23Mp&proCode=MTQ0NzMxMA&aid=8_1_1_[DATE]&mid=TMS&rid=[SEQ]
15,8_1_1,8,대상웰라이프,1,메이크미 외,1,2. 메이크미 오메가3 60캡슐/3개,MTQ0NzMxMA,1447310,https://skt.sellerd.co.kr/m/product/details/sktlms?referrer=SKT_LMS&cid=Ts238U-skt001-oq23Mp&proCode=MTQ0NzMxMA&aid=8_1_1_[DATE]&mid=TMS&rid=[SEQ]
15,8_1_1,8,대상웰라이프,1,메이크미 외,1,3. 메이크미 비타민 90정/4개,MTQ0NzMxMA,1447310,https://skt.sellerd.co.kr/m/product/details/sktlms?referrer=SKT_LMS&cid=Ts238U-skt001-oq23Mp&proCode=MTQ0NzMxMA&aid=8_1_1_[DATE]&mid=TMS&rid=[SEQ]
15,8_1_1,8,대상웰라이프,1,메이크미 외,1,4. 하루유산균 키즈 60포/3개,MTQ0NzMxMA,1447310,https://skt.sellerd.co.kr/m/product/details/sktlms?referrer=SKT_LMS&cid=Ts238U-skt001-oq23Mp&proCode=MTQ0NzMxMA&aid=8_1_1_[DATE]&mid=TMS&rid=[SEQ]
15,8_1_1,8,대상웰라이프,1,메이크미 외,1,5. 면역엔클로렐라 30포/2개,MTQ0NzMxMA,1447310,https://skt.sellerd.co.kr/m/product/details/sktlms?referrer=SKT_LMS&cid=Ts238U-skt001-oq23Mp&proCode=MTQ0NzMxMA&aid=8_1_1_[DATE]&mid=TMS&rid=[SEQ]
15,8_1_1,8,대상웰라이프,1,메이크미 외,1,"6. 산삼배양근 20ml,10입/3개",MTQ0NzMxMA,1447310,https://skt.sellerd.co.kr/m/product/details/sktlms?referrer=SKT_LMS&cid=Ts238U-skt001-oq23Mp&proCode=MTQ0NzMxMA&aid=8_1_1_[DATE]&mid=TMS&rid=[SEQ]
15,8_1_1,8,대상웰라이프,1,메이크미 외,1,7. 진생에브리데이 홍삼스틱 10ml(30포)/2개,MTQ0NzMxMA,1447310,https://skt.sellerd.co.kr/m/product/details/sktlms?referrer=SKT_LMS&cid=Ts238U-skt001-oq23Mp&proCode=MTQ0NzMxMA&aid=8_1_1_[DATE]&mid=TMS&rid=[SEQ]
15,8_1_1,8,대상웰라이프,1,메이크미 외,1,8. 크릴오일퓨어100 30캡슐/6개,MTQ0NzMxMA,1447310,https://skt.sellerd.co.kr/m/product/details/sktlms?referrer=SKT_LMS&cid=Ts238U-skt001-oq23Mp&proCode=MTQ0NzMxMA&aid=8_1_1_[DATE]&mid=TMS&rid=[SEQ]
16,8_2_1,8,대상웰라이프,2,마이밀,1,1. 마이밀 마시는 뉴프로틴 3.04kg,MTQ0NzMyMg,1447322,https://skt.sellerd.co.kr/m/product/details/sktlms?referrer=SKT_LMS&cid=Ts238U-skt001-oq23Mp&proCode=MTQ0NzMyMg&aid=8_2_1_[DATE]&mid=TMS&rid=[SEQ]
16,8_2_1,8,대상웰라이프,2,마이밀,1,2. 마이밀 비핏 오트 190ml/24개,MTQ0NzMyMg,1447322,https://skt.sellerd.co.kr/m/product/details/sktlms?referrer=SKT_LMS&cid=Ts238U-skt001-oq23Mp&proCode=MTQ0NzMyMg&aid=8_2_1_[DATE]&mid=TMS&rid=[SEQ]
16,8_2_1,8,대상웰라이프,2,마이밀,1,3. 마이밀 비핏 초코 190ml/24개,MTQ0NzMyMg,1447322,https://skt.sellerd.co.kr/m/product/details/sktlms?referrer=SKT_LMS&cid=Ts238U-skt001-oq23Mp&proCode=MTQ0NzMyMg&aid=8_2_1_[DATE]&mid=TMS&rid=[SEQ]
16,8_2_1,8,대상웰라이프,2,마이밀,1,4. 마이밀 바나나 250ml/24개,MTQ0NzMyMg,1447322,https://skt.sellerd.co.kr/m/product/details/sktlms?referrer=SKT_LMS&cid=Ts238U-skt001-oq23Mp&proCode=MTQ0NzMyMg&aid=8_2_1_[DATE]&mid=TMS&rid=[SEQ]
16,8_2_1,8,대상웰라이프,2,마이밀,1,5. 마이밀 그레인 250ml/24개,MTQ0NzMyMg,1447322,https://skt.sellerd.co.kr/m/product/details/sktlms?referrer=SKT_LMS&cid=Ts238U-skt001-oq23Mp&proCode=MTQ0NzMyMg&aid=8_2_1_[DATE]&mid=TMS&rid=[SEQ]
16,8_2_1,8,대상웰라이프,2,마이밀,1,6. 마이밀 뉴 프로틴 호지차/2개,MTQ0NzMyMg,1447322,https://skt.sellerd.co.kr/m/product/details/sktlms?referrer=SKT_LMS&cid=Ts238U-skt001-oq23Mp&proCode=MTQ0NzMyMg&aid=8_2_1_[DATE]&mid=TMS&rid=[SEQ]
16,8_2_1,8,대상웰라이프,2,마이밀,1,7. 마이밀 뉴 프로틴 플래인/2개,MTQ0NzMyMg,1447322,https://skt.sellerd.co.kr/m/product/details/sktlms?referrer=SKT_LMS&cid=Ts238U-skt001-oq23Mp&proCode=MTQ0NzMyMg&aid=8_2_1_[DATE]&mid=TMS&rid=[SEQ]
17,8_3_1,8,대상웰라이프,3,뉴케어,1,1. 뉴케어 구수한맛 200ml/30개,MTQ0NzMyNA,1447324,https://skt.sellerd.co.kr/m/product/details/sktlms?referrer=SKT_LMS&cid=Ts238U-skt001-oq23Mp&proCode=MTQ0NzMyNA&aid=8_3_1_[DATE]&mid=TMS&rid=[SEQ]
17,8_3_1,8,대상웰라이프,3,뉴케어,1,2. 뉴케어 액티브 200ml/24개,MTQ0NzMyNA,1447324,https://skt.sellerd.co.kr/m/product/details/sktlms?referrer=SKT_LMS&cid=Ts238U-skt001-oq23Mp&proCode=MTQ0NzMyNA&aid=8_3_1_[DATE]&mid=TMS&rid=[SEQ]
17,8_3_1,8,대상웰라이프,3,뉴케어,1,3. 뉴케어 당플랜 200ml/30개,MTQ0NzMyNA,1447324,https://skt.sellerd.co.kr/m/product/details/sktlms?referrer=SKT_LMS&cid=Ts238U-skt001-oq23Mp&proCode=MTQ0NzMyNA&aid=8_3_1_[DATE]&mid=TMS&rid=[SEQ]
18,9_1_1,9,일동후디스,1,트루맘,1,1. NEW 트루맘 프리미엄 분유 1캔 (800g) 1단계,MTQ0NzgwNQ,1447805,https://skt.sellerd.co.kr/m/product/details/sktlms?referrer=SKT_LMS&cid=Ts238U-skt001-oq23Mp&proCode=MTQ0NzgwNQ&aid=9_1_1_[DATE]&mid=TMS&rid=[SEQ]
18,9_1_1,9,일동후디스,1,트루맘,1,2. NEW 트루맘 프리미엄 분유 1캔 (800g) 2단계,MTQ0NzgwNQ,1447805,https://skt.sellerd.co.kr/m/product/details/sktlms?referrer=SKT_LMS&cid=Ts238U-skt001-oq23Mp&proCode=MTQ0NzgwNQ&aid=9_1_1_[DATE]&mid=TMS&rid=[SEQ]
18,9_1_1,9,일동후디스,1,트루맘,1,3. NEW 트루맘 프리미엄 분유 1캔 (800g) 3단계,MTQ0NzgwNQ,1447805,https://skt.sellerd.co.kr/m/product/details/sktlms?referrer=SKT_LMS&cid=Ts238U-skt001-oq23Mp&proCode=MTQ0NzgwNQ&aid=9_1_1_[DATE]&mid=TMS&rid=[SEQ]
18,9_1_1,9,일동후디스,1,트루맘,1,4. NEW 트루맘 프리미엄 분유 1캔 (800g) 4단계,MTQ0NzgwNQ,1447805,https://skt.sellerd.co.kr/m/product/details/sktlms?referrer=SKT_LMS&cid=Ts238U-skt001-oq23Mp&proCode=MTQ0NzgwNQ&aid=9_1_1_[DATE]&mid=TMS&rid=[SEQ]
19,9_2_1,9,일동후디스,2,후디스,1,1. 루테인 지아잔틴 아스타잔틴 15g(500mg×30캡슐),MTQ0NzgwNA,1447804,https://skt.sellerd.co.kr/m/product/details/sktlms?referrer=SKT_LMS&cid=Ts238U-skt001-oq23Mp&proCode=MTQ0NzgwNA&aid=9_2_1_[DATE]&mid=TMS&rid=[SEQ]
20,10_1_1,10,와이즈유엑스글로벌,1,아임닭,1,1. 깔끔야채 닭가슴살 소시지 꼬치형 70g 10팩,MTQ3MDQ1Ng,1470456,https://skt.sellerd.co.kr/m/product/details/sktlms?referrer=SKT_LMS&cid=Ts238U-skt001-oq23Mp&proCode=MTQ3MDQ1Ng&aid=10_1_1_[DATE]&mid=TMS&rid=[SEQ]
20,10_1_1,10,와이즈유엑스글로벌,1,아임닭,1,2. 깔끔매콤 닭가슴살 소시지 꼬치형 70g 10팩,MTQ3MDQ1Ng,1470456,https://skt.sellerd.co.kr/m/product/details/sktlms?referrer=SKT_LMS&cid=Ts238U-skt001-oq23Mp&proCode=MTQ3MDQ1Ng&aid=10_1_1_[DATE]&mid=TMS&rid=[SEQ]
20,10_1_1,10,와이즈유엑스글로벌,1,아임닭,1,3. 매콤야채 닭가슴살 큐브 60g 10팩,MTQ3MDQ1Ng,1470456,https://skt.sellerd.co.kr/m/product/details/sktlms?referrer=SKT_LMS&cid=Ts238U-skt001-oq23Mp&proCode=MTQ3MDQ1Ng&aid=10_1_1_[DATE]&mid=TMS&rid=[SEQ]
20,10_1_1,10,와이즈유엑스글로벌,1,아임닭,1,4. 청양고추맛 닭가슴살 큐브 60g 10팩,MTQ3MDQ1Ng,1470456,https://skt.sellerd.co.kr/m/product/details/sktlms?referrer=SKT_LMS&cid=Ts238U-skt001-oq23Mp&proCode=MTQ3MDQ1Ng&aid=10_1_1_[DATE]&mid=TMS&rid=[SEQ]
20,10_1_1,10,와이즈유엑스글로벌,1,아임닭,1,5. 닭가슴살 스테이크 3종 혼합 10팩 패키지,MTQ3MDQ1Ng,1470456,https://skt.sellerd.co.kr/m/product/details/sktlms?referrer=SKT_LMS&cid=Ts238U-skt001-oq23Mp&proCode=MTQ3MDQ1Ng&aid=10_1_1_[DATE]&mid=TMS&rid=[SEQ]
20,10_1_1,10,와이즈유엑스글로벌,1,아임닭,1,6. 닭가슴살 꼬치 소시지(2개입) 혼합 10팩 패키지,MTQ3MDQ1Ng,1470456,https://skt.sellerd.co.kr/m/product/details/sktlms?referrer=SKT_LMS&cid=Ts238U-skt001-oq23Mp&proCode=MTQ3MDQ1Ng&aid=10_1_1_[DATE]&mid=TMS&rid=[SEQ]
20,10_1_1,10,와이즈유엑스글로벌,1,아임닭,1,7. 닭가슴살 만두 2종 혼합 10팩 패키지,MTQ3MDQ1Ng,1470456,https://skt.sellerd.co.kr/m/product/details/sktlms?referrer=SKT_LMS&cid=Ts238U-skt001-oq23Mp&proCode=MTQ3MDQ1Ng&aid=10_1_1_[DATE]&mid=TMS&rid=[SEQ]
40,10_2_1,10,와이즈유엑스글로벌,2,아임웰,1,1. 닭가슴살 소시지 고구마 핫도그 100g 5팩,MTQ3MDQ5OA,1470498,https://skt.sellerd.co.kr/m/product/details/sktlms?referrer=SKT_LMS&cid=Ts238U-skt001-oq23Mp&proCode=MTQ3MDQ5OA&aid=10_2_1_[DATE]&mid=TMS&rid=[SEQ]
40,10_2_1,10,와이즈유엑스글로벌,2,아임웰,1,2. 국물 곤약 떡볶이 220g 3팩,MTQ3MDQ5OA,1470498,https://skt.sellerd.co.kr/m/product/details/sktlms?referrer=SKT_LMS&cid=Ts238U-skt001-oq23Mp&proCode=MTQ3MDQ5OA&aid=10_2_1_[DATE]&mid=TMS&rid=[SEQ]
40,10_2_1,10,와이즈유엑스글로벌,2,아임웰,1,3. 고구마큐브 2종 혼합 10팩 패키지 (고구마큐브/자색큐브),MTQ3MDQ5OA,1470498,https://skt.sellerd.co.kr/m/product/details/sktlms?referrer=SKT_LMS&cid=Ts238U-skt001-oq23Mp&proCode=MTQ3MDQ5OA&aid=10_2_1_[DATE]&mid=TMS&rid=[SEQ]
40,10_2_1,10,와이즈유엑스글로벌,2,아임웰,1,4. 곤약밥 5종 (계란/잡채/새우/삼색/무청) 혼합 10팩 패키지,MTQ3MDQ5OA,1470498,https://skt.sellerd.co.kr/m/product/details/sktlms?referrer=SKT_LMS&cid=Ts238U-skt001-oq23Mp&proCode=MTQ3MDQ5OA&aid=10_2_1_[DATE]&mid=TMS&rid=[SEQ]
40,10_2_1,10,와이즈유엑스글로벌,2,아임웰,1,5. 닭가슴살 볶음밥 2종 혼합 10팩 (계란/잡채),MTQ3MDQ5OA,1470498,https://skt.sellerd.co.kr/m/product/details/sktlms?referrer=SKT_LMS&cid=Ts238U-skt001-oq23Mp&proCode=MTQ3MDQ5OA&aid=10_2_1_[DATE]&mid=TMS&rid=[SEQ]
40,10_2_1,10,와이즈유엑스글로벌,2,아임웰,1,6. 반찬 도시락 3종 혼합 6팩 패키지,MTQ3MDQ5OA,1470498,https://skt.sellerd.co.kr/m/product/details/sktlms?referrer=SKT_LMS&cid=Ts238U-skt001-oq23Mp&proCode=MTQ3MDQ5OA&aid=10_2_1_[DATE]&mid=TMS&rid=[SEQ]
40,10_2_1,10,와이즈유엑스글로벌,2,아임웰,1,7. 빅볼 도시락 3종 혼합 6팩 패키지,MTQ3MDQ5OA,1470498,https://skt.sellerd.co.kr/m/product/details/sktlms?referrer=SKT_LMS&cid=Ts238U-skt001-oq23Mp&proCode=MTQ3MDQ5OA&aid=10_2_1_[DATE]&mid=TMS&rid=[SEQ]
40,10_2_1,10,와이즈유엑스글로벌,2,아임웰,1,8. 라이트밀 도시락 3종 혼합 6팩 패키지,MTQ3MDQ5OA,1470498,https://skt.sellerd.co.kr/m/product/details/sktlms?referrer=SKT_LMS&cid=Ts238U-skt001-oq23Mp&proCode=MTQ3MDQ5OA&aid=10_2_1_[DATE]&mid=TMS&rid=[SEQ]
40,10_2_1,10,와이즈유엑스글로벌,2,아임웰,1,9. 100% 국산콩으로 만든 웰나또(낫또) 12팩,MTQ3MDQ5OA,1470498,https://skt.sellerd.co.kr/m/product/details/sktlms?referrer=SKT_LMS&cid=Ts238U-skt001-oq23Mp&proCode=MTQ3MDQ5OA&aid=10_2_1_[DATE]&mid=TMS&rid=[SEQ]
40,10_2_1,10,와이즈유엑스글로벌,2,아임웰,1,10. 100% 국산콩으로 만든 웰나또(낫또) 24팩,MTQ3MDQ5OA,1470498,https://skt.sellerd.co.kr/m/product/details/sktlms?referrer=SKT_LMS&cid=Ts238U-skt001-oq23Mp&proCode=MTQ3MDQ5OA&aid=10_2_1_[DATE]&mid=TMS&rid=[SEQ]
21,11_1_1,11,룩옵티컬,1,"페라가모
선글라스
(SF899SK)",1,1. A1A1401181052 (Black),MTQ3MDM1NA,1470354,https://skt.sellerd.co.kr/m/product/details/sktlms?referrer=SKT_LMS&cid=Ts238U-skt001-oq23Mp&proCode=MTQ3MDM1NA&aid=11_1_1_[DATE]&mid=TMS&rid=[SEQ]
21,11_1_1,11,룩옵티컬,1,"페라가모
선글라스
(SF899SK)",1,2. A1A1401191051 (Black MIRROR),MTQ3MDM1NA,1470354,https://skt.sellerd.co.kr/m/product/details/sktlms?referrer=SKT_LMS&cid=Ts238U-skt001-oq23Mp&proCode=MTQ3MDM1NA&aid=11_1_1_[DATE]&mid=TMS&rid=[SEQ]
21,11_1_1,11,룩옵티컬,1,"페라가모
선글라스
(SF899SK)",1,3. A1A1401181053 (SAND),MTQ3MDM1NA,1470354,https://skt.sellerd.co.kr/m/product/details/sktlms?referrer=SKT_LMS&cid=Ts238U-skt001-oq23Mp&proCode=MTQ3MDM1NA&aid=11_1_1_[DATE]&mid=TMS&rid=[SEQ]
21,11_1_1,11,룩옵티컬,1,"페라가모
선글라스
(SF899SK)",1,4. A1A141181054 (PINK NUDE),MTQ3MDM1NA,1470354,https://skt.sellerd.co.kr/m/product/details/sktlms?referrer=SKT_LMS&cid=Ts238U-skt001-oq23Mp&proCode=MTQ3MDM1NA&aid=11_1_1_[DATE]&mid=TMS&rid=[SEQ]
21,11_1_1,11,룩옵티컬,1,"페라가모
선글라스
(SF899SK)",1,5. A1A1401181023 (PINK NUDE MIRROR),MTQ3MDM1NA,1470354,https://skt.sellerd.co.kr/m/product/details/sktlms?referrer=SKT_LMS&cid=Ts238U-skt001-oq23Mp&proCode=MTQ3MDM1NA&aid=11_1_1_[DATE]&mid=TMS&rid=[SEQ]
21,11_1_2,11,룩옵티컬,1,"페라가모
선글라스
(SF190SK)",2,1. A1A1401191005 (WINE/WINE LENS),MTQ3MDM1Mw,1470353,https://skt.sellerd.co.kr/m/product/details/sktlms?referrer=SKT_LMS&cid=Ts238U-skt001-oq23Mp&proCode=MTQ3MDM1Mw&aid=11_1_2_[DATE]&mid=TMS&rid=[SEQ]
21,11_1_2,11,룩옵티컬,1,"페라가모
선글라스
(SF190SK)",2,2. A1A1401191003 (GOLD/BROWN LENS),MTQ3MDM1Mw,1470353,https://skt.sellerd.co.kr/m/product/details/sktlms?referrer=SKT_LMS&cid=Ts238U-skt001-oq23Mp&proCode=MTQ3MDM1Mw&aid=11_1_2_[DATE]&mid=TMS&rid=[SEQ]
21,11_1_2,11,룩옵티컬,1,"페라가모
선글라스
(SF190SK)",2,3. A1A1401191006 (GOLD/WINE LENS),MTQ3MDM1Mw,1470353,https://skt.sellerd.co.kr/m/product/details/sktlms?referrer=SKT_LMS&cid=Ts238U-skt001-oq23Mp&proCode=MTQ3MDM1Mw&aid=11_1_2_[DATE]&mid=TMS&rid=[SEQ]
21,11_1_3,11,룩옵티컬,1,"페라가모
선글라스
(SF852SK)",3,1. A1A1401171035 (BLACK),MTQ3MDM1Ng,1470356,https://skt.sellerd.co.kr/m/product/details/sktlms?referrer=SKT_LMS&cid=Ts238U-skt001-oq23Mp&proCode=MTQ3MDM1Ng&aid=11_1_3_[DATE]&mid=TMS&rid=[SEQ]
21,11_1_3,11,룩옵티컬,1,"페라가모
선글라스
(SF852SK)",3,2. A1A1401171036 (ICE),MTQ3MDM1Ng,1470356,https://skt.sellerd.co.kr/m/product/details/sktlms?referrer=SKT_LMS&cid=Ts238U-skt001-oq23Mp&proCode=MTQ3MDM1Ng&aid=11_1_3_[DATE]&mid=TMS&rid=[SEQ]
21,11_1_3,11,룩옵티컬,1,"페라가모
선글라스
(SF852SK)",3,3. A1A1401171037 (OPAL ROSE),MTQ3MDM1Ng,1470356,https://skt.sellerd.co.kr/m/product/details/sktlms?referrer=SKT_LMS&cid=Ts238U-skt001-oq23Mp&proCode=MTQ3MDM1Ng&aid=11_1_3_[DATE]&mid=TMS&rid=[SEQ]
21,11_1_3,11,룩옵티컬,1,"페라가모
선글라스
(SF852SK)",3,4. A1A1401171038 (PINK NUDE),MTQ3MDM1Ng,1470356,https://skt.sellerd.co.kr/m/product/details/sktlms?referrer=SKT_LMS&cid=Ts238U-skt001-oq23Mp&proCode=MTQ3MDM1Ng&aid=11_1_3_[DATE]&mid=TMS&rid=[SEQ]
21,11_1_4,11,룩옵티컬,1,"페라가모
선글라스
(SF849SK)",4,1. A1A1401171024 (IVORY),MTQ3MDM1OA,1470358,https://skt.sellerd.co.kr/m/product/details/sktlms?referrer=SKT_LMS&cid=Ts238U-skt001-oq23Mp&proCode=MTQ3MDM1OA&aid=11_1_4_[DATE]&mid=TMS&rid=[SEQ]
21,11_1_4,11,룩옵티컬,1,"페라가모
선글라스
(SF849SK)",4,2. A1A1401171025 (PINK NUDE),MTQ3MDM1OA,1470358,https://skt.sellerd.co.kr/m/product/details/sktlms?referrer=SKT_LMS&cid=Ts238U-skt001-oq23Mp&proCode=MTQ3MDM1OA&aid=11_1_4_[DATE]&mid=TMS&rid=[SEQ]
21,11_1_4,11,룩옵티컬,1,"페라가모
선글라스
(SF849SK)",4,3. A1A1401171026 (CHAMPANGE),MTQ3MDM1OA,1470358,https://skt.sellerd.co.kr/m/product/details/sktlms?referrer=SKT_LMS&cid=Ts238U-skt001-oq23Mp&proCode=MTQ3MDM1OA&aid=11_1_4_[DATE]&mid=TMS&rid=[SEQ]
22,11_2_1,11,룩옵티컬,2,칼라거펠트,1,1. KL289SK_A1A1101191005(BLACK),MTQ3MDQyNg,1470426,https://skt.sellerd.co.kr/m/product/details/sktlms?referrer=SKT_LMS&cid=Ts238U-skt001-oq23Mp&proCode=MTQ3MDQyNg&aid=11_2_1_[DATE]&mid=TMS&rid=[SEQ]
22,11_2_2,11,룩옵티컬,2,칼라거펠트,2,2. KL975SK_A1A1101191001 (BLACK),MTQ3MDQyOQ,1470429,https://skt.sellerd.co.kr/m/product/details/sktlms?referrer=SKT_LMS&cid=Ts238U-skt001-oq23Mp&proCode=MTQ3MDQyOQ&aid=11_2_2_[DATE]&mid=TMS&rid=[SEQ]
22,11_2_2,11,룩옵티컬,2,칼라거펠트,2,3. KL975SK_A1A1101191003 (SOLID GREY),MTQ3MDQyOQ,1470429,https://skt.sellerd.co.kr/m/product/details/sktlms?referrer=SKT_LMS&cid=Ts238U-skt001-oq23Mp&proCode=MTQ3MDQyOQ&aid=11_2_2_[DATE]&mid=TMS&rid=[SEQ]
22,11_2_2,11,룩옵티컬,2,칼라거펠트,2,"4, KL975SK_A1A1101191004 (NUDE)",MTQ3MDQyOQ,1470429,https://skt.sellerd.co.kr/m/product/details/sktlms?referrer=SKT_LMS&cid=Ts238U-skt001-oq23Mp&proCode=MTQ3MDQyOQ&aid=11_2_2_[DATE]&mid=TMS&rid=[SEQ]
22,11_2_3,11,룩옵티컬,2,칼라거펠트,3,5. KL248SK_A1A1101171001 (BLACK),MTQ3MDQzMA,1470430,https://skt.sellerd.co.kr/m/product/details/sktlms?referrer=SKT_LMS&cid=Ts238U-skt001-oq23Mp&proCode=MTQ3MDQzMA&aid=11_2_3_[DATE]&mid=TMS&rid=[SEQ]
22,11_2_3,11,룩옵티컬,2,칼라거펠트,3,6. KL248SK_A1A1101171003 (BLUE),MTQ3MDQzMA,1470430,https://skt.sellerd.co.kr/m/product/details/sktlms?referrer=SKT_LMS&cid=Ts238U-skt001-oq23Mp&proCode=MTQ3MDQzMA&aid=11_2_3_[DATE]&mid=TMS&rid=[SEQ]
22,11_2_3,11,룩옵티컬,2,칼라거펠트,3,7. KL248SK_A1A1101171004 (PINK),MTQ3MDQzMA,1470430,https://skt.sellerd.co.kr/m/product/details/sktlms?referrer=SKT_LMS&cid=Ts238U-skt001-oq23Mp&proCode=MTQ3MDQzMA&aid=11_2_3_[DATE]&mid=TMS&rid=[SEQ]
22,11_2_4,11,룩옵티컬,2,칼라거펠트,4,8. KL932SK_A1A11101171029 (BLACK),MTQ3MDQzMQ,1470431,https://skt.sellerd.co.kr/m/product/details/sktlms?referrer=SKT_LMS&cid=Ts238U-skt001-oq23Mp&proCode=MTQ3MDQzMQ&aid=11_2_4_[DATE]&mid=TMS&rid=[SEQ]
22,11_2_4,11,룩옵티컬,2,칼라거펠트,4,9. KL932SK_A1A11101171031 (PINK),MTQ3MDQzMQ,1470431,https://skt.sellerd.co.kr/m/product/details/sktlms?referrer=SKT_LMS&cid=Ts238U-skt001-oq23Mp&proCode=MTQ3MDQzMQ&aid=11_2_4_[DATE]&mid=TMS&rid=[SEQ]
22,11_2_4,11,룩옵티컬,2,칼라거펠트,4,10. KL932SK_A1A11101171032 (CRYSTAL),MTQ3MDQzMQ,1470431,https://skt.sellerd.co.kr/m/product/details/sktlms?referrer=SKT_LMS&cid=Ts238U-skt001-oq23Mp&proCode=MTQ3MDQzMQ&aid=11_2_4_[DATE]&mid=TMS&rid=[SEQ]
23,12_1_1,12,사조대림,1,사조참치,1,1. 살코기(100g*10캔)+고추(100g*2캔),MTQ3MDM0Ng,1470346,https://skt.sellerd.co.kr/m/product/details/sktlms?referrer=SKT_LMS&cid=Ts238U-skt001-oq23Mp&proCode=MTQ3MDM0Ng&aid=12_1_1_[DATE]&mid=TMS&rid=[SEQ]
24,12_2_1,12,사조대림,2,사조팝콘,1,2. 팝콘180g/총12개입(기본+달콤+카라멜맛),MTQ3MDM1MQ,1470351,https://skt.sellerd.co.kr/m/product/details/sktlms?referrer=SKT_LMS&cid=Ts238U-skt001-oq23Mp&proCode=MTQ3MDM1MQ&aid=12_2_1_[DATE]&mid=TMS&rid=[SEQ]
25,13_1_1,13,롯데제과,1,헬스원,1,1. 통짜발효 배도라지,MTQ3MDQ2OA,1470468,https://skt.sellerd.co.kr/m/product/details/sktlms?referrer=SKT_LMS&cid=Ts238U-skt001-oq23Mp&proCode=MTQ3MDQ2OA&aid=13_1_1_[DATE]&mid=TMS&rid=[SEQ]
25,13_1_1,13,롯데제과,1,헬스원,1,2. 통짜발효 양배추,MTQ3MDQ2OA,1470468,https://skt.sellerd.co.kr/m/product/details/sktlms?referrer=SKT_LMS&cid=Ts238U-skt001-oq23Mp&proCode=MTQ3MDQ2OA&aid=13_1_1_[DATE]&mid=TMS&rid=[SEQ]
25,13_1_1,13,롯데제과,1,헬스원,1,3. 울트락토100억,MTQ3MDQ2OA,1470468,https://skt.sellerd.co.kr/m/product/details/sktlms?referrer=SKT_LMS&cid=Ts238U-skt001-oq23Mp&proCode=MTQ3MDQ2OA&aid=13_1_1_[DATE]&mid=TMS&rid=[SEQ]
25,13_1_1,13,롯데제과,1,헬스원,1,4. 울트락토키즈,MTQ3MDQ2OA,1470468,https://skt.sellerd.co.kr/m/product/details/sktlms?referrer=SKT_LMS&cid=Ts238U-skt001-oq23Mp&proCode=MTQ3MDQ2OA&aid=13_1_1_[DATE]&mid=TMS&rid=[SEQ]
25,13_1_1,13,롯데제과,1,헬스원,1,5. 브이리턴 다이어트 (28병),MTQ3MDQ2OA,1470468,https://skt.sellerd.co.kr/m/product/details/sktlms?referrer=SKT_LMS&cid=Ts238U-skt001-oq23Mp&proCode=MTQ3MDQ2OA&aid=13_1_1_[DATE]&mid=TMS&rid=[SEQ]
26,14_1_1,14,"NHN Wetoo
가방팝",1,언더아머,1,1. HG ARMOUR LS / 1257471-001,MTQ3MDQ1MA,1470450,https://skt.sellerd.co.kr/m/product/details/sktlms?referrer=SKT_LMS&cid=Ts238U-skt001-oq23Mp&proCode=MTQ3MDQ1MA&aid=14_1_1_[DATE]&mid=TMS&rid=[SEQ]
26,14_1_1,14,"NHN Wetoo
가방팝",1,언더아머,1,2. HG 2.0 레깅스 / 1289577-001,MTQ3MDQ1MA,1470450,https://skt.sellerd.co.kr/m/product/details/sktlms?referrer=SKT_LMS&cid=Ts238U-skt001-oq23Mp&proCode=MTQ3MDQ1MA&aid=14_1_1_[DATE]&mid=TMS&rid=[SEQ]
26,14_1_1,14,"NHN Wetoo
가방팝",1,언더아머,1,3. HG 아머 슬리브리스 / 1257469-001,MTQ3MDQ1MA,1470450,https://skt.sellerd.co.kr/m/product/details/sktlms?referrer=SKT_LMS&cid=Ts238U-skt001-oq23Mp&proCode=MTQ3MDQ1MA&aid=14_1_1_[DATE]&mid=TMS&rid=[SEQ]
27,14_2_1,14,"NHN Wetoo
가방팝",2,르무통,1,1. 메리노 울 스니커즈 클래식 베이지,MTQ3MDQzMw,1470433,https://skt.sellerd.co.kr/m/product/details/sktlms?referrer=SKT_LMS&cid=Ts238U-skt001-oq23Mp&proCode=MTQ3MDQzMw&aid=14_2_1_[DATE]&mid=TMS&rid=[SEQ]
27,14_2_1,14,"NHN Wetoo
가방팝",2,르무통,1,2. 메리노 울 스니커즈 클래식 다크그레이,MTQ3MDQzMw,1470433,https://skt.sellerd.co.kr/m/product/details/sktlms?referrer=SKT_LMS&cid=Ts238U-skt001-oq23Mp&proCode=MTQ3MDQzMw&aid=14_2_1_[DATE]&mid=TMS&rid=[SEQ]
27,14_2_1,14,"NHN Wetoo
가방팝",2,르무통,1,3. 메리노 울 스니커즈 클래식 네이비,MTQ3MDQzMw,1470433,https://skt.sellerd.co.kr/m/product/details/sktlms?referrer=SKT_LMS&cid=Ts238U-skt001-oq23Mp&proCode=MTQ3MDQzMw&aid=14_2_1_[DATE]&mid=TMS&rid=[SEQ]
27,14_2_1,14,"NHN Wetoo
가방팝",2,르무통,1,4. 메리노 울 슬립온 스타일 베이지,MTQ3MDQzMw,1470433,https://skt.sellerd.co.kr/m/product/details/sktlms?referrer=SKT_LMS&cid=Ts238U-skt001-oq23Mp&proCode=MTQ3MDQzMw&aid=14_2_1_[DATE]&mid=TMS&rid=[SEQ]
27,14_2_1,14,"NHN Wetoo
가방팝",2,르무통,1,5. 메리노 울 슬립온 스타일 다크그레이,MTQ3MDQzMw,1470433,https://skt.sellerd.co.kr/m/product/details/sktlms?referrer=SKT_LMS&cid=Ts238U-skt001-oq23Mp&proCode=MTQ3MDQzMw&aid=14_2_1_[DATE]&mid=TMS&rid=[SEQ]
27,14_2_1,14,"NHN Wetoo
가방팝",2,르무통,1,6. 메리노 울 슬립온 스타일 블랙(화이트아웃솔),MTQ3MDQzMw,1470433,https://skt.sellerd.co.kr/m/product/details/sktlms?referrer=SKT_LMS&cid=Ts238U-skt001-oq23Mp&proCode=MTQ3MDQzMw&aid=14_2_1_[DATE]&mid=TMS&rid=[SEQ]
50,14_3_1,14,"NHN Wetoo
가방팝",3,라이프썸,1,무선 미니 고데기(LFS-HA07),MTQ3MDU5MA,1470590,https://skt.sellerd.co.kr/m/product/details/sktlms?referrer=SKT_LMS&cid=Ts238U-skt001-oq23Mp&proCode=MTQ3MDU5MA&aid=14_3_1_[DATE]&mid=TMS&rid=[SEQ]
50,14_3_2,14,"NHN Wetoo
가방팝",3,라이프썸,2,무드등 미니 가습기(LFS-HA08),MTQ3MDU1Mw,1470553,https://skt.sellerd.co.kr/m/product/details/sktlms?referrer=SKT_LMS&cid=Ts238U-skt001-oq23Mp&proCode=MTQ3MDU1Mw&aid=14_3_2_[DATE]&mid=TMS&rid=[SEQ]
50,14_3_3,14,"NHN Wetoo
가방팝",3,라이프썸,3,핸디형 퀵 스팀다리미(LFS-HA09),MTQ3MDU5MQ,1470591,https://skt.sellerd.co.kr/m/product/details/sktlms?referrer=SKT_LMS&cid=Ts238U-skt001-oq23Mp&proCode=MTQ3MDU5MQ&aid=14_3_3_[DATE]&mid=TMS&rid=[SEQ]
50,14_3_4,14,"NHN Wetoo
가방팝",3,라이프썸,4,고속 무선 충전 보조배터리 20000(LFS-HA16),MTQ3MDU5Mg,1470592,https://skt.sellerd.co.kr/m/product/details/sktlms?referrer=SKT_LMS&cid=Ts238U-skt001-oq23Mp&proCode=MTQ3MDU5Mg&aid=14_3_4_[DATE]&mid=TMS&rid=[SEQ]
50,14_3_5,14,"NHN Wetoo
가방팝",3,라이프썸,5,휴대용 공기청정기(LFS-HA03),MTQ3MDU5Mw,1470593,https://skt.sellerd.co.kr/m/product/details/sktlms?referrer=SKT_LMS&cid=Ts238U-skt001-oq23Mp&proCode=MTQ3MDU5Mw&aid=14_3_5_[DATE]&mid=TMS&rid=[SEQ]
28,15_1_1,15,JK인터내셔날,1,레고코리아,1,1. 76898_포뮬라 E 파나소닉 재규어 레이싱 GEN2 & 재규어 I-PACE 이트로피,MTQ3MDQ3NA,1470474,https://skt.sellerd.co.kr/m/product/details/sktlms?referrer=SKT_LMS&cid=Ts238U-skt001-oq23Mp&proCode=MTQ3MDQ3NA&aid=15_1_1_[DATE]&mid=TMS&rid=[SEQ]
28,15_1_1,15,JK인터내셔날,1,레고코리아,1,2. 76899_람보르기니 우루스 ST-X & 람보르기니 우라칸 수퍼 트로페오 에보,MTQ3MDQ3NA,1470474,https://skt.sellerd.co.kr/m/product/details/sktlms?referrer=SKT_LMS&cid=Ts238U-skt001-oq23Mp&proCode=MTQ3MDQ3NA&aid=15_1_1_[DATE]&mid=TMS&rid=[SEQ]
28,15_1_1,15,JK인터내셔날,1,레고코리아,1,3. 31105_타운하우스 장난감 가게,MTQ3MDQ3NA,1470474,https://skt.sellerd.co.kr/m/product/details/sktlms?referrer=SKT_LMS&cid=Ts238U-skt001-oq23Mp&proCode=MTQ3MDQ3NA&aid=15_1_1_[DATE]&mid=TMS&rid=[SEQ]
28,15_1_1,15,JK인터내셔날,1,레고코리아,1,4. 70429_엘 푸에고의 스턴트 비행기,MTQ3MDQ3NA,1470474,https://skt.sellerd.co.kr/m/product/details/sktlms?referrer=SKT_LMS&cid=Ts238U-skt001-oq23Mp&proCode=MTQ3MDQ3NA&aid=15_1_1_[DATE]&mid=TMS&rid=[SEQ]
28,15_1_1,15,JK인터내셔날,1,레고코리아,1,5. 42109_앱 조종식 탑기어 랠리카,MTQ3MDQ3NA,1470474,https://skt.sellerd.co.kr/m/product/details/sktlms?referrer=SKT_LMS&cid=Ts238U-skt001-oq23Mp&proCode=MTQ3MDQ3NA&aid=15_1_1_[DATE]&mid=TMS&rid=[SEQ]
28,15_1_1,15,JK인터내셔날,1,레고코리아,1,6. 41395_우정 버스,MTQ3MDQ3NA,1470474,https://skt.sellerd.co.kr/m/product/details/sktlms?referrer=SKT_LMS&cid=Ts238U-skt001-oq23Mp&proCode=MTQ3MDQ3NA&aid=15_1_1_[DATE]&mid=TMS&rid=[SEQ]
28,15_1_1,15,JK인터내셔날,1,레고코리아,1,7. 41391_하트레이크 시티 헤어샵,MTQ3MDQ3NA,1470474,https://skt.sellerd.co.kr/m/product/details/sktlms?referrer=SKT_LMS&cid=Ts238U-skt001-oq23Mp&proCode=MTQ3MDQ3NA&aid=15_1_1_[DATE]&mid=TMS&rid=[SEQ]
28,15_1_1,15,JK인터내셔날,1,레고코리아,1,8. 10928_베이커리 가게,MTQ3MDQ3NA,1470474,https://skt.sellerd.co.kr/m/product/details/sktlms?referrer=SKT_LMS&cid=Ts238U-skt001-oq23Mp&proCode=MTQ3MDQ3NA&aid=15_1_1_[DATE]&mid=TMS&rid=[SEQ]
28,15_1_1,15,JK인터내셔날,1,레고코리아,1,9. 60248_소방 헬리콥터 출동,MTQ3MDQ3NA,1470474,https://skt.sellerd.co.kr/m/product/details/sktlms?referrer=SKT_LMS&cid=Ts238U-skt001-oq23Mp&proCode=MTQ3MDQ3NA&aid=15_1_1_[DATE]&mid=TMS&rid=[SEQ]
28,15_1_1,15,JK인터내셔날,1,레고코리아,1,10. 60252_건설용 불도저,MTQ3MDQ3NA,1470474,https://skt.sellerd.co.kr/m/product/details/sktlms?referrer=SKT_LMS&cid=Ts238U-skt001-oq23Mp&proCode=MTQ3MDQ3NA&aid=15_1_1_[DATE]&mid=TMS&rid=[SEQ]
28,15_1_1,15,JK인터내셔날,1,레고코리아,1,11. 60254_경주용 보트 운송트럭,MTQ3MDQ3NA,1470474,https://skt.sellerd.co.kr/m/product/details/sktlms?referrer=SKT_LMS&cid=Ts238U-skt001-oq23Mp&proCode=MTQ3MDQ3NA&aid=15_1_1_[DATE]&mid=TMS&rid=[SEQ]
28,15_1_1,15,JK인터내셔날,1,레고코리아,1,12. 60267_사파리 오프로더,MTQ3MDQ3NA,1470474,https://skt.sellerd.co.kr/m/product/details/sktlms?referrer=SKT_LMS&cid=Ts238U-skt001-oq23Mp&proCode=MTQ3MDQ3NA&aid=15_1_1_[DATE]&mid=TMS&rid=[SEQ]
28,15_1_1,15,JK인터내셔날,1,레고코리아,1,13. 10847_듀플로 숫자와 기차 놀이,MTQ3MDQ3NA,1470474,https://skt.sellerd.co.kr/m/product/details/sktlms?referrer=SKT_LMS&cid=Ts238U-skt001-oq23Mp&proCode=MTQ3MDQ3NA&aid=15_1_1_[DATE]&mid=TMS&rid=[SEQ]
28,15_1_1,15,JK인터내셔날,1,레고코리아,1,14. 10902_듀플로 경찰서,MTQ3MDQ3NA,1470474,https://skt.sellerd.co.kr/m/product/details/sktlms?referrer=SKT_LMS&cid=Ts238U-skt001-oq23Mp&proCode=MTQ3MDQ3NA&aid=15_1_1_[DATE]&mid=TMS&rid=[SEQ]
29,16_1_1,16,제이엠비즈콘,1,테팔,1,1. 파워 블루 멀티팬 28cm + 유리뚜껑 28cm TFC-PBWG,MTQ3MDQ2OQ,1470469,https://skt.sellerd.co.kr/m/product/details/sktlms?referrer=SKT_LMS&cid=Ts238U-skt001-oq23Mp&proCode=MTQ3MDQ2OQ&aid=16_1_1_[DATE]&mid=TMS&rid=[SEQ]
29,16_1_1,16,제이엠비즈콘,1,테팔,1,2. 데코레이티브시리즈 멀티팬 28cm TFC-DSW,MTQ3MDQ2OQ,1470469,https://skt.sellerd.co.kr/m/product/details/sktlms?referrer=SKT_LMS&cid=Ts238U-skt001-oq23Mp&proCode=MTQ3MDQ2OQ&aid=16_1_1_[DATE]&mid=TMS&rid=[SEQ]
29,16_1_1,16,제이엠비즈콘,1,테팔,1,3. 인덕션 초콜릿 티타늄 프로 냄비 편수 18cm TFC-ICS8,MTQ3MDQ2OQ,1470469,https://skt.sellerd.co.kr/m/product/details/sktlms?referrer=SKT_LMS&cid=Ts238U-skt001-oq23Mp&proCode=MTQ3MDQ2OQ&aid=16_1_1_[DATE]&mid=TMS&rid=[SEQ]
29,16_1_1,16,제이엠비즈콘,1,테팔,1,4. 인덕션 초콜릿 티타늄 프로 프라이팬 28cm TFC-IC8,MTQ3MDQ2OQ,1470469,https://skt.sellerd.co.kr/m/product/details/sktlms?referrer=SKT_LMS&cid=Ts238U-skt001-oq23Mp&proCode=MTQ3MDQ2OQ&aid=16_1_1_[DATE]&mid=TMS&rid=[SEQ]
29,16_1_1,16,제이엠비즈콘,1,테팔,1,5. 쿡이지 블랙 프라이팬 28cm+파워블루 멀티팬 28cm+유리뚜껑 28cm TFC-CE8PBWG,MTQ3MDQ2OQ,1470469,https://skt.sellerd.co.kr/m/product/details/sktlms?referrer=SKT_LMS&cid=Ts238U-skt001-oq23Mp&proCode=MTQ3MDQ2OQ&aid=16_1_1_[DATE]&mid=TMS&rid=[SEQ]
44,16_1_2,16,제이엠비즈콘,1,테팔,2,1. 테팔 브루트 인덕션 후라이팬 22cm,MTQ3MDUwNA,1470504,https://skt.sellerd.co.kr/m/product/details/sktlms?referrer=SKT_LMS&cid=Ts238U-skt001-oq23Mp&proCode=MTQ3MDUwNA&aid=16_1_2_[DATE]&mid=TMS&rid=[SEQ]
44,16_1_2,16,제이엠비즈콘,1,테팔,2,2. 테팔 브루트 인덕션 후라이팬 24cm,MTQ3MDUwNA,1470504,https://skt.sellerd.co.kr/m/product/details/sktlms?referrer=SKT_LMS&cid=Ts238U-skt001-oq23Mp&proCode=MTQ3MDUwNA&aid=16_1_2_[DATE]&mid=TMS&rid=[SEQ]
44,16_1_2,16,제이엠비즈콘,1,테팔,2,3. 테팔 브루트 인덕션 후라이팬 28cm,MTQ3MDUwNA,1470504,https://skt.sellerd.co.kr/m/product/details/sktlms?referrer=SKT_LMS&cid=Ts238U-skt001-oq23Mp&proCode=MTQ3MDUwNA&aid=16_1_2_[DATE]&mid=TMS&rid=[SEQ]
44,16_1_2,16,제이엠비즈콘,1,테팔,2,4. 테팔 브루트 인덕션 후라이팬 멀티팬 28cm,MTQ3MDUwNA,1470504,https://skt.sellerd.co.kr/m/product/details/sktlms?referrer=SKT_LMS&cid=Ts238U-skt001-oq23Mp&proCode=MTQ3MDUwNA&aid=16_1_2_[DATE]&mid=TMS&rid=[SEQ]
44,16_1_2,16,제이엠비즈콘,1,테팔,2,5. 테팔 브루트 인덕션 후라이팬 28cm + 멀티뚜껑,MTQ3MDUwNA,1470504,https://skt.sellerd.co.kr/m/product/details/sktlms?referrer=SKT_LMS&cid=Ts238U-skt001-oq23Mp&proCode=MTQ3MDUwNA&aid=16_1_2_[DATE]&mid=TMS&rid=[SEQ]
44,16_1_2,16,제이엠비즈콘,1,테팔,2,6. 테팔 브루트 인덕션 후라이팬 멀티팬 28cm + 멀티뚜껑,MTQ3MDUwNA,1470504,https://skt.sellerd.co.kr/m/product/details/sktlms?referrer=SKT_LMS&cid=Ts238U-skt001-oq23Mp&proCode=MTQ3MDUwNA&aid=16_1_2_[DATE]&mid=TMS&rid=[SEQ]
44,16_1_2,16,제이엠비즈콘,1,테팔,2,7. 테팔 브루트 인덕션 후라이팬 24cm + 28cm,MTQ3MDUwNA,1470504,https://skt.sellerd.co.kr/m/product/details/sktlms?referrer=SKT_LMS&cid=Ts238U-skt001-oq23Mp&proCode=MTQ3MDUwNA&aid=16_1_2_[DATE]&mid=TMS&rid=[SEQ]
44,16_1_2,16,제이엠비즈콘,1,테팔,2,8. 테팔 브루트 인덕션 후라이팬 24cm + 멀티팬 28cm,MTQ3MDUwNA,1470504,https://skt.sellerd.co.kr/m/product/details/sktlms?referrer=SKT_LMS&cid=Ts238U-skt001-oq23Mp&proCode=MTQ3MDUwNA&aid=16_1_2_[DATE]&mid=TMS&rid=[SEQ]
44,16_1_2,16,제이엠비즈콘,1,테팔,2,9. 테팔 브루트 인덕션 후라이팬 24cm + 28cm + 멀티뚜껑,MTQ3MDUwNA,1470504,https://skt.sellerd.co.kr/m/product/details/sktlms?referrer=SKT_LMS&cid=Ts238U-skt001-oq23Mp&proCode=MTQ3MDUwNA&aid=16_1_2_[DATE]&mid=TMS&rid=[SEQ]
44,16_1_2,16,제이엠비즈콘,1,테팔,2,10. 테팔 브루트 인덕션 후라이팬 28cm + 멀티팬 28cm + 멀티뚜껑,MTQ3MDUwNA,1470504,https://skt.sellerd.co.kr/m/product/details/sktlms?referrer=SKT_LMS&cid=Ts238U-skt001-oq23Mp&proCode=MTQ3MDUwNA&aid=16_1_2_[DATE]&mid=TMS&rid=[SEQ]
44,16_1_3,16,제이엠비즈콘,1,테팔,3,11. 테팔 부스트 디스팅션 후라이팬 24cm,MTQ3MDUwNQ,1470505,https://skt.sellerd.co.kr/m/product/details/sktlms?referrer=SKT_LMS&cid=Ts238U-skt001-oq23Mp&proCode=MTQ3MDUwNQ&aid=16_1_3_[DATE]&mid=TMS&rid=[SEQ]
44,16_1_3,16,제이엠비즈콘,1,테팔,3,12. 테팔 부스트 디스팅션 후라이팬 26cm,MTQ3MDUwNQ,1470505,https://skt.sellerd.co.kr/m/product/details/sktlms?referrer=SKT_LMS&cid=Ts238U-skt001-oq23Mp&proCode=MTQ3MDUwNQ&aid=16_1_3_[DATE]&mid=TMS&rid=[SEQ]
44,16_1_3,16,제이엠비즈콘,1,테팔,3,13. 테팔 부스트 디스팅션 전골팬 24cm+유리뚜껑,MTQ3MDUwNQ,1470505,https://skt.sellerd.co.kr/m/product/details/sktlms?referrer=SKT_LMS&cid=Ts238U-skt001-oq23Mp&proCode=MTQ3MDUwNQ&aid=16_1_3_[DATE]&mid=TMS&rid=[SEQ]
44,16_1_3,16,제이엠비즈콘,1,테팔,3,14. 테팔 부스트 디스팅션 멀티팬 28cm+멀티뚜껑,MTQ3MDUwNQ,1470505,https://skt.sellerd.co.kr/m/product/details/sktlms?referrer=SKT_LMS&cid=Ts238U-skt001-oq23Mp&proCode=MTQ3MDUwNQ&aid=16_1_3_[DATE]&mid=TMS&rid=[SEQ]
44,16_1_3,16,제이엠비즈콘,1,테팔,3,15. 테팔 부스트 디스팅션 후라이팬 26cm+멀티팬 28cm,MTQ3MDUwNQ,1470505,https://skt.sellerd.co.kr/m/product/details/sktlms?referrer=SKT_LMS&cid=Ts238U-skt001-oq23Mp&proCode=MTQ3MDUwNQ&aid=16_1_3_[DATE]&mid=TMS&rid=[SEQ]
44,16_1_3,16,제이엠비즈콘,1,테팔,3,16. 테팔 부스트 디스팅션 후라이팬 26cm + 전골팬 24cm + 유리뚜껑,MTQ3MDUwNQ,1470505,https://skt.sellerd.co.kr/m/product/details/sktlms?referrer=SKT_LMS&cid=Ts238U-skt001-oq23Mp&proCode=MTQ3MDUwNQ&aid=16_1_3_[DATE]&mid=TMS&rid=[SEQ]
44,16_1_3,16,제이엠비즈콘,1,테팔,3,17. 테팔 부스트 디스팅션 후라이팬 24cm + 멀티팬 28cm + 멀티뚜껑,MTQ3MDUwNQ,1470505,https://skt.sellerd.co.kr/m/product/details/sktlms?referrer=SKT_LMS&cid=Ts238U-skt001-oq23Mp&proCode=MTQ3MDUwNQ&aid=16_1_3_[DATE]&mid=TMS&rid=[SEQ]
44,16_1_4,16,제이엠비즈콘,1,테팔,4,18. 데일리쿡 인덕션 양수냄비 18cm,MTQ3MDUwNg,1470506,https://skt.sellerd.co.kr/m/product/details/sktlms?referrer=SKT_LMS&cid=Ts238U-skt001-oq23Mp&proCode=MTQ3MDUwNg&aid=16_1_4_[DATE]&mid=TMS&rid=[SEQ]
44,16_1_4,16,제이엠비즈콘,1,테팔,4,19. 데일리쿡 인덕션 양수냄비 20cm,MTQ3MDUwNg,1470506,https://skt.sellerd.co.kr/m/product/details/sktlms?referrer=SKT_LMS&cid=Ts238U-skt001-oq23Mp&proCode=MTQ3MDUwNg&aid=16_1_4_[DATE]&mid=TMS&rid=[SEQ]
44,16_1_4,16,제이엠비즈콘,1,테팔,4,20. 데일리쿡 인덕션 양수냄비 24cm,MTQ3MDUwNg,1470506,https://skt.sellerd.co.kr/m/product/details/sktlms?referrer=SKT_LMS&cid=Ts238U-skt001-oq23Mp&proCode=MTQ3MDUwNg&aid=16_1_4_[DATE]&mid=TMS&rid=[SEQ]
44,16_1_5,16,제이엠비즈콘,1,테팔,5,21. 심플리 인벤트 스테인레스 스틸 핸드블랜더,MTQ3MDUwNw,1470507,https://skt.sellerd.co.kr/m/product/details/sktlms?referrer=SKT_LMS&cid=Ts238U-skt001-oq23Mp&proCode=MTQ3MDUwNw&aid=16_1_5_[DATE]&mid=TMS&rid=[SEQ]
44,16_1_7,16,제이엠비즈콘,1,테팔,7,23. 테팔 매직핸즈 블루라곤,MTQ3MDUwOQ,1470509,https://skt.sellerd.co.kr/m/product/details/sktlms?referrer=SKT_LMS&cid=Ts238U-skt001-oq23Mp&proCode=MTQ3MDUwOQ&aid=16_1_7_[DATE]&mid=TMS&rid=[SEQ]
53,16_1_6,16,제이엠비즈콘,1,테팔,6,22. 테팔 익스프레스 1구 인덕션 레인지,MTQ3MDUwOA,1470508,https://skt.sellerd.co.kr/m/product/details/sktlms?referrer=SKT_LMS&cid=Ts238U-skt001-oq23Mp&proCode=MTQ3MDUwOA&aid=16_1_6_[DATE]&mid=TMS&rid=[SEQ]
53,16_1_8,16,제이엠비즈콘,1,테팔,8,"1. 에센셜 포켓 드라이기 ",MTQ3MDUzMg,1470532,https://skt.sellerd.co.kr/m/product/details/sktlms?referrer=SKT_LMS&cid=Ts238U-skt001-oq23Mp&proCode=MTQ3MDUzMg&aid=16_1_8_[DATE]&mid=TMS&rid=[SEQ]
53,16_1_8,16,제이엠비즈콘,1,테팔,8,2. 테팔 엘리트 스튜디오 드라이,MTQ3MDUzMg,1470532,https://skt.sellerd.co.kr/m/product/details/sktlms?referrer=SKT_LMS&cid=Ts238U-skt001-oq23Mp&proCode=MTQ3MDUzMg&aid=16_1_8_[DATE]&mid=TMS&rid=[SEQ]
53,16_1_9,16,제이엠비즈콘,1,테팔,9,3. 테팔 버츄오 스팀 다리미,MTQ3MDUzNA,1470534,https://skt.sellerd.co.kr/m/product/details/sktlms?referrer=SKT_LMS&cid=Ts238U-skt001-oq23Mp&proCode=MTQ3MDUzNA&aid=16_1_9_[DATE]&mid=TMS&rid=[SEQ]
53,16_1_10,16,제이엠비즈콘,1,테팔,10,4. 커피메이커 컬러터치,MTQ3MDUzNg,1470536,https://skt.sellerd.co.kr/m/product/details/sktlms?referrer=SKT_LMS&cid=Ts238U-skt001-oq23Mp&proCode=MTQ3MDUzNg&aid=16_1_10_[DATE]&mid=TMS&rid=[SEQ]
53,16_1_10,16,제이엠비즈콘,1,테팔,10,5. 테팔 노베오 플러스,MTQ3MDUzNg,1470536,https://skt.sellerd.co.kr/m/product/details/sktlms?referrer=SKT_LMS&cid=Ts238U-skt001-oq23Mp&proCode=MTQ3MDUzNg&aid=16_1_10_[DATE]&mid=TMS&rid=[SEQ]
53,16_1_11,16,제이엠비즈콘,1,테팔,11,6. 우노 믹서기,MTQ3MDUzOA,1470538,https://skt.sellerd.co.kr/m/product/details/sktlms?referrer=SKT_LMS&cid=Ts238U-skt001-oq23Mp&proCode=MTQ3MDUzOA&aid=16_1_11_[DATE]&mid=TMS&rid=[SEQ]
53,16_1_11,16,제이엠비즈콘,1,테팔,11,7. 테팔 믹서기 파시클릭,MTQ3MDUzOA,1470538,https://skt.sellerd.co.kr/m/product/details/sktlms?referrer=SKT_LMS&cid=Ts238U-skt001-oq23Mp&proCode=MTQ3MDUzOA&aid=16_1_11_[DATE]&mid=TMS&rid=[SEQ]
53,16_1_12,16,제이엠비즈콘,1,테팔,12,8. 울트라엘릭스 블랜더,MTQ3MDU0Mw,1470543,https://skt.sellerd.co.kr/m/product/details/sktlms?referrer=SKT_LMS&cid=Ts238U-skt001-oq23Mp&proCode=MTQ3MDU0Mw&aid=16_1_12_[DATE]&mid=TMS&rid=[SEQ]
53,16_1_12,16,제이엠비즈콘,1,테팔,12,9. 터보믹스 플러스 핸드블랜더,MTQ3MDU0Mw,1470543,https://skt.sellerd.co.kr/m/product/details/sktlms?referrer=SKT_LMS&cid=Ts238U-skt001-oq23Mp&proCode=MTQ3MDU0Mw&aid=16_1_12_[DATE]&mid=TMS&rid=[SEQ]
53,16_1_12,16,제이엠비즈콘,1,테팔,12,10. 터보믹스 플러스 핸드블렌더 (2),MTQ3MDU0Mw,1470543,https://skt.sellerd.co.kr/m/product/details/sktlms?referrer=SKT_LMS&cid=Ts238U-skt001-oq23Mp&proCode=MTQ3MDU0Mw&aid=16_1_12_[DATE]&mid=TMS&rid=[SEQ]
53,16_1_12,16,제이엠비즈콘,1,테팔,12,11. 심플리 인벤트 스테인레스 스틸 핸드블랜더,MTQ3MDU0Mw,1470543,https://skt.sellerd.co.kr/m/product/details/sktlms?referrer=SKT_LMS&cid=Ts238U-skt001-oq23Mp&proCode=MTQ3MDU0Mw&aid=16_1_12_[DATE]&mid=TMS&rid=[SEQ]
53,16_1_13,16,제이엠비즈콘,1,테팔,13,12. 노베오 무선주전자,MTQ3MDU0Ng,1470546,https://skt.sellerd.co.kr/m/product/details/sktlms?referrer=SKT_LMS&cid=Ts238U-skt001-oq23Mp&proCode=MTQ3MDU0Ng&aid=16_1_13_[DATE]&mid=TMS&rid=[SEQ]
53,16_1_13,16,제이엠비즈콘,1,테팔,13,13. 익스프레스 스텐 무선주전자,MTQ3MDU0Ng,1470546,https://skt.sellerd.co.kr/m/product/details/sktlms?referrer=SKT_LMS&cid=Ts238U-skt001-oq23Mp&proCode=MTQ3MDU0Ng&aid=16_1_13_[DATE]&mid=TMS&rid=[SEQ]
53,16_1_13,16,제이엠비즈콘,1,테팔,13,14. 루비메탈 무선주전자,MTQ3MDU0Ng,1470546,https://skt.sellerd.co.kr/m/product/details/sktlms?referrer=SKT_LMS&cid=Ts238U-skt001-oq23Mp&proCode=MTQ3MDU0Ng&aid=16_1_13_[DATE]&mid=TMS&rid=[SEQ]
53,16_1_13,16,제이엠비즈콘,1,테팔,13,15. 테팔 스마트 스텐 무선주전자,MTQ3MDU0Ng,1470546,https://skt.sellerd.co.kr/m/product/details/sktlms?referrer=SKT_LMS&cid=Ts238U-skt001-oq23Mp&proCode=MTQ3MDU0Ng&aid=16_1_13_[DATE]&mid=TMS&rid=[SEQ]
53,16_1_14,16,제이엠비즈콘,1,테팔,14,16. 테팔 미니전기밥솥,MTQ3MDU0Nw,1470547,https://skt.sellerd.co.kr/m/product/details/sktlms?referrer=SKT_LMS&cid=Ts238U-skt001-oq23Mp&proCode=MTQ3MDU0Nw&aid=16_1_14_[DATE]&mid=TMS&rid=[SEQ]
53,16_1_15,16,제이엠비즈콘,1,테팔,15,17. 테팔 노베오 플러스 토스터기,MTQ3MDU0OA,1470548,https://skt.sellerd.co.kr/m/product/details/sktlms?referrer=SKT_LMS&cid=Ts238U-skt001-oq23Mp&proCode=MTQ3MDU0OA&aid=16_1_15_[DATE]&mid=TMS&rid=[SEQ]
53,16_1_16,16,제이엠비즈콘,1,테팔,16,18. 테팔 미니 프리토 튀김기 1L,MTQ3MDU0OQ,1470549,https://skt.sellerd.co.kr/m/product/details/sktlms?referrer=SKT_LMS&cid=Ts238U-skt001-oq23Mp&proCode=MTQ3MDU0OQ&aid=16_1_16_[DATE]&mid=TMS&rid=[SEQ]
53,16_1_17,16,제이엠비즈콘,1,테팔,17,19. 테팔 플랜차 엑스트라그릴,MTQ3MDU1MA,1470550,https://skt.sellerd.co.kr/m/product/details/sktlms?referrer=SKT_LMS&cid=Ts238U-skt001-oq23Mp&proCode=MTQ3MDU1MA&aid=16_1_17_[DATE]&mid=TMS&rid=[SEQ]
53,16_1_17,16,제이엠비즈콘,1,테팔,17,20. 테팔 열센서 와이드 그릴,MTQ3MDU1MA,1470550,https://skt.sellerd.co.kr/m/product/details/sktlms?referrer=SKT_LMS&cid=Ts238U-skt001-oq23Mp&proCode=MTQ3MDU1MA&aid=16_1_17_[DATE]&mid=TMS&rid=[SEQ]
53,16_1_17,16,제이엠비즈콘,1,테팔,17,21. 테팔 미니 양면그릴,MTQ3MDU1MA,1470550,https://skt.sellerd.co.kr/m/product/details/sktlms?referrer=SKT_LMS&cid=Ts238U-skt001-oq23Mp&proCode=MTQ3MDU1MA&aid=16_1_17_[DATE]&mid=TMS&rid=[SEQ]
53,16_1_18,16,제이엠비즈콘,1,테팔,18,22. 일리코 오븐 9L,MTQ3MDU1MQ,1470551,https://skt.sellerd.co.kr/m/product/details/sktlms?referrer=SKT_LMS&cid=Ts238U-skt001-oq23Mp&proCode=MTQ3MDU1MQ&aid=16_1_18_[DATE]&mid=TMS&rid=[SEQ]
53,16_1_18,16,제이엠비즈콘,1,테팔,18,23. 노베오플러스 미니오븐,MTQ3MDU1MQ,1470551,https://skt.sellerd.co.kr/m/product/details/sktlms?referrer=SKT_LMS&cid=Ts238U-skt001-oq23Mp&proCode=MTQ3MDU1MQ&aid=16_1_18_[DATE]&mid=TMS&rid=[SEQ]
53,16_1_19,16,제이엠비즈콘,1,테팔,19,24. 테팔 유선 스팀 청소기,MTQ3MDUzMA,1470530,https://skt.sellerd.co.kr/m/product/details/sktlms?referrer=SKT_LMS&cid=Ts238U-skt001-oq23Mp&proCode=MTQ3MDUzMA&aid=16_1_19_[DATE]&mid=TMS&rid=[SEQ]
53,16_1_19,16,제이엠비즈콘,1,테팔,19,25. 테팔 무선 청소기 에어포스 라이트 14.4V,MTQ3MDUzMA,1470530,https://skt.sellerd.co.kr/m/product/details/sktlms?referrer=SKT_LMS&cid=Ts238U-skt001-oq23Mp&proCode=MTQ3MDUzMA&aid=16_1_19_[DATE]&mid=TMS&rid=[SEQ]
53,16_1_19,16,제이엠비즈콘,1,테팔,19,26. 에어포스 360 이지,MTQ3MDUzMA,1470530,https://skt.sellerd.co.kr/m/product/details/sktlms?referrer=SKT_LMS&cid=Ts238U-skt001-oq23Mp&proCode=MTQ3MDUzMA&aid=16_1_19_[DATE]&mid=TMS&rid=[SEQ]
54,16_5_1,16,제이엠비즈콘,5,실리트,1,24. 프리모 스텐냄비 2종세트 (16편수+16L),MTQ3MDUxMA,1470510,https://skt.sellerd.co.kr/m/product/details/sktlms?referrer=SKT_LMS&cid=Ts238U-skt001-oq23Mp&proCode=MTQ3MDUxMA&aid=16_5_1_[DATE]&mid=TMS&rid=[SEQ]
54,16_5_1,16,제이엠비즈콘,5,실리트,1,25. 프리모 실리썸 양수 냄비 2종 세트 (16L+20L),MTQ3MDUxMA,1470510,https://skt.sellerd.co.kr/m/product/details/sktlms?referrer=SKT_LMS&cid=Ts238U-skt001-oq23Mp&proCode=MTQ3MDUxMA&aid=16_5_1_[DATE]&mid=TMS&rid=[SEQ]
54,16_5_1,16,제이엠비즈콘,5,실리트,1,"26. 프리모 2종(16편수, 20H) + 찜기 세트",MTQ3MDUxMA,1470510,https://skt.sellerd.co.kr/m/product/details/sktlms?referrer=SKT_LMS&cid=Ts238U-skt001-oq23Mp&proCode=MTQ3MDUxMA&aid=16_5_1_[DATE]&mid=TMS&rid=[SEQ]
54,16_5_1,16,제이엠비즈콘,5,실리트,1,4. 프리모 실리썸 양수 냄비 3종 세트 (16L+20L+24L),MTQ3MDUxMA,1470510,https://skt.sellerd.co.kr/m/product/details/sktlms?referrer=SKT_LMS&cid=Ts238U-skt001-oq23Mp&proCode=MTQ3MDUxMA&aid=16_5_1_[DATE]&mid=TMS&rid=[SEQ]
54,16_5_1,16,제이엠비즈콘,5,실리트,1,5. 프리모 실리썸 양수 냄비 4종 세트 (16L+20L+24L+24H),MTQ3MDUxMA,1470510,https://skt.sellerd.co.kr/m/product/details/sktlms?referrer=SKT_LMS&cid=Ts238U-skt001-oq23Mp&proCode=MTQ3MDUxMA&aid=16_5_1_[DATE]&mid=TMS&rid=[SEQ]
54,16_5_1,16,제이엠비즈콘,5,실리트,1,6. 클래식 듀오 압력솥 옐로우 4.5L+3.0L(바디 2p + 뚜껑 1p) 추가 유리뚜껑1p+찜기1p,MTQ3MDUxMA,1470510,https://skt.sellerd.co.kr/m/product/details/sktlms?referrer=SKT_LMS&cid=Ts238U-skt001-oq23Mp&proCode=MTQ3MDUxMA&aid=16_5_1_[DATE]&mid=TMS&rid=[SEQ]
58,16_6_1,16,제이엠비즈콘,6,팬콧,1,5인치 탁상용 무선 미니선풍기 SN-VC1000UFR,MTQ3MDU5NA,1470594,https://skt.sellerd.co.kr/m/product/details/sktlms?referrer=SKT_LMS&cid=Ts238U-skt001-oq23Mp&proCode=MTQ3MDU5NA&aid=16_6_1_[DATE]&mid=TMS&rid=[SEQ]
30,16_2_1,16,제이엠비즈콘,2,TS샴푸,1,1. 더 트러스트 프리미엄 TS샴푸 5종세트 (300g x 4개 + 100g 1개),MTQ3MDQ0Nw,1470447,https://skt.sellerd.co.kr/m/product/details/sktlms?referrer=SKT_LMS&cid=Ts238U-skt001-oq23Mp&proCode=MTQ3MDQ0Nw&aid=16_2_1_[DATE]&mid=TMS&rid=[SEQ]
30,16_2_1,16,제이엠비즈콘,2,TS샴푸,1,2. 더 트러스트 TS샴푸 4종세트 (300g x 2개 + 100g 1개 + 샤워볼),MTQ3MDQ0Nw,1470447,https://skt.sellerd.co.kr/m/product/details/sktlms?referrer=SKT_LMS&cid=Ts238U-skt001-oq23Mp&proCode=MTQ3MDQ0Nw&aid=16_2_1_[DATE]&mid=TMS&rid=[SEQ]
30,16_2_1,16,제이엠비즈콘,2,TS샴푸,1,3. 더 트러스트 TS샴푸 3종 A세트 (300g x 2개 + 샤워볼),MTQ3MDQ0Nw,1470447,https://skt.sellerd.co.kr/m/product/details/sktlms?referrer=SKT_LMS&cid=Ts238U-skt001-oq23Mp&proCode=MTQ3MDQ0Nw&aid=16_2_1_[DATE]&mid=TMS&rid=[SEQ]
30,16_2_1,16,제이엠비즈콘,2,TS샴푸,1,"4. 더 트러스트 TS샴푸 3종 B세트 (300g, 100g x 1개 + 샤워볼)",MTQ3MDQ0Nw,1470447,https://skt.sellerd.co.kr/m/product/details/sktlms?referrer=SKT_LMS&cid=Ts238U-skt001-oq23Mp&proCode=MTQ3MDQ0Nw&aid=16_2_1_[DATE]&mid=TMS&rid=[SEQ]
31,16_3_1,16,제이엠비즈콘,3,아이리버,1,1. TWS 이어폰(ITW-D500),MTQ3MDQ1Mg,1470452,https://skt.sellerd.co.kr/m/product/details/sktlms?referrer=SKT_LMS&cid=Ts238U-skt001-oq23Mp&proCode=MTQ3MDQ1Mg&aid=16_3_1_[DATE]&mid=TMS&rid=[SEQ]
31,16_3_1,16,제이엠비즈콘,3,아이리버,1,2. 사운드뷰 블루투스 스피커(BTS-V3),MTQ3MDQ1Mg,1470452,https://skt.sellerd.co.kr/m/product/details/sktlms?referrer=SKT_LMS&cid=Ts238U-skt001-oq23Mp&proCode=MTQ3MDQ1Mg&aid=16_3_1_[DATE]&mid=TMS&rid=[SEQ]
32,16_4_1,16,제이엠비즈콘,4,아이나비,1,1. 오토그랩(ISH-A03V),MTQ3MDQ1NA,1470454,https://skt.sellerd.co.kr/m/product/details/sktlms?referrer=SKT_LMS&cid=Ts238U-skt001-oq23Mp&proCode=MTQ3MDQ1NA&aid=16_4_1_[DATE]&mid=TMS&rid=[SEQ]
33,17_1_1,17,퍼플랩스 헬스케어,1,세리박스,1,1. 해내리(6개월 패키지),MTQ3MDQ4NA,1470484,https://skt.sellerd.co.kr/m/product/details/sktlms?referrer=SKT_LMS&cid=Ts238U-skt001-oq23Mp&proCode=MTQ3MDQ4NA&aid=17_1_1_[DATE]&mid=TMS&rid=[SEQ]
33,17_1_2,17,퍼플랩스 헬스케어,1,세리박스,2,2. 해보리(4개월 패키지),MTQ3MDQ4NQ,1470485,https://skt.sellerd.co.kr/m/product/details/sktlms?referrer=SKT_LMS&cid=Ts238U-skt001-oq23Mp&proCode=MTQ3MDQ4NQ&aid=17_1_2_[DATE]&mid=TMS&rid=[SEQ]
33,17_1_3,17,퍼플랩스 헬스케어,1,세리박스,3,3. 한번 해보리(2개월 패키지),MTQ3MDQ4Ng,1470486,https://skt.sellerd.co.kr/m/product/details/sktlms?referrer=SKT_LMS&cid=Ts238U-skt001-oq23Mp&proCode=MTQ3MDQ4Ng&aid=17_1_3_[DATE]&mid=TMS&rid=[SEQ]
33,17_1_4,17,퍼플랩스 헬스케어,1,세리박스,4,4. 슈스스 데일리 패키지,MTQ3MDQ4Nw,1470487,https://skt.sellerd.co.kr/m/product/details/sktlms?referrer=SKT_LMS&cid=Ts238U-skt001-oq23Mp&proCode=MTQ3MDQ4Nw&aid=17_1_4_[DATE]&mid=TMS&rid=[SEQ]
33,17_1_5,17,퍼플랩스 헬스케어,1,세리박스,5,5. 데이&나잇 패키지,MTQ3MDQ4OA,1470488,https://skt.sellerd.co.kr/m/product/details/sktlms?referrer=SKT_LMS&cid=Ts238U-skt001-oq23Mp&proCode=MTQ3MDQ4OA&aid=17_1_5_[DATE]&mid=TMS&rid=[SEQ]
33,17_1_6,17,퍼플랩스 헬스케어,1,세리박스,6,6. 세리컷 알파[1개월],MTQ3MDQ4OQ,1470489,https://skt.sellerd.co.kr/m/product/details/sktlms?referrer=SKT_LMS&cid=Ts238U-skt001-oq23Mp&proCode=MTQ3MDQ4OQ&aid=17_1_6_[DATE]&mid=TMS&rid=[SEQ]
33,17_1_7,17,퍼플랩스 헬스케어,1,세리박스,7,7. 세리번 나이트[1개월],MTQ3MDQ4Mw,1470483,https://skt.sellerd.co.kr/m/product/details/sktlms?referrer=SKT_LMS&cid=Ts238U-skt001-oq23Mp&proCode=MTQ3MDQ4Mw&aid=17_1_7_[DATE]&mid=TMS&rid=[SEQ]
33,17_1_8,17,퍼플랩스 헬스케어,1,세리박스,8,8. 세리번 데이 트리플[1개월],MTQ3MDQ5MA,1470490,https://skt.sellerd.co.kr/m/product/details/sktlms?referrer=SKT_LMS&cid=Ts238U-skt001-oq23Mp&proCode=MTQ3MDQ5MA&aid=17_1_8_[DATE]&mid=TMS&rid=[SEQ]
33,17_1_9,17,퍼플랩스 헬스케어,1,세리박스,9,9. 베리굿밀 다이어트[6개입] 헤이즐넛커피맛,MTQ3MDQ5MQ,1470491,https://skt.sellerd.co.kr/m/product/details/sktlms?referrer=SKT_LMS&cid=Ts238U-skt001-oq23Mp&proCode=MTQ3MDQ5MQ&aid=17_1_9_[DATE]&mid=TMS&rid=[SEQ]
33,17_1_9,17,퍼플랩스 헬스케어,1,세리박스,9,10. 베리굿밀 다이어트[6개입] 리얼초코맛,MTQ3MDQ5MQ,1470491,https://skt.sellerd.co.kr/m/product/details/sktlms?referrer=SKT_LMS&cid=Ts238U-skt001-oq23Mp&proCode=MTQ3MDQ5MQ&aid=17_1_9_[DATE]&mid=TMS&rid=[SEQ]
33,17_1_9,17,퍼플랩스 헬스케어,1,세리박스,9,11. 베리굿밀 다이어트[6개입] 호두아몬드맛,MTQ3MDQ5MQ,1470491,https://skt.sellerd.co.kr/m/product/details/sktlms?referrer=SKT_LMS&cid=Ts238U-skt001-oq23Mp&proCode=MTQ3MDQ5MQ&aid=17_1_9_[DATE]&mid=TMS&rid=[SEQ]
33,17_1_9,17,퍼플랩스 헬스케어,1,세리박스,9,12. 베리굿밀 다이어트[6개입] 쿠키앤크림맛,MTQ3MDQ5MQ,1470491,https://skt.sellerd.co.kr/m/product/details/sktlms?referrer=SKT_LMS&cid=Ts238U-skt001-oq23Mp&proCode=MTQ3MDQ5MQ&aid=17_1_9_[DATE]&mid=TMS&rid=[SEQ]
33,17_1_9,17,퍼플랩스 헬스케어,1,세리박스,9,13. 베리굿밀 다이어트[6개입] 그린티라떼맛,MTQ3MDQ5MQ,1470491,https://skt.sellerd.co.kr/m/product/details/sktlms?referrer=SKT_LMS&cid=Ts238U-skt001-oq23Mp&proCode=MTQ3MDQ5MQ&aid=17_1_9_[DATE]&mid=TMS&rid=[SEQ]
41,17_1_10,17,퍼플랩스 헬스케어,1,세리박스,10,3. 세리컷 나이트(1개월)+베리굿밀,MTQ3MDUwMQ,1470501,https://skt.sellerd.co.kr/m/product/details/sktlms?referrer=SKT_LMS&cid=Ts238U-skt001-oq23Mp&proCode=MTQ3MDUwMQ&aid=17_1_10_[DATE]&mid=TMS&rid=[SEQ]
41,17_1_11,17,퍼플랩스 헬스케어,1,세리박스,11,2. 세리컷 데이 트리플(1개월)+베리굿밀,MTQ3MDUwMg,1470502,https://skt.sellerd.co.kr/m/product/details/sktlms?referrer=SKT_LMS&cid=Ts238U-skt001-oq23Mp&proCode=MTQ3MDUwMg&aid=17_1_11_[DATE]&mid=TMS&rid=[SEQ]
41,17_1_12,17,퍼플랩스 헬스케어,1,세리박스,12,1. 세리컷 알파(1개월)+베리굿밀,MTQ3MDUwMw,1470503,https://skt.sellerd.co.kr/m/product/details/sktlms?referrer=SKT_LMS&cid=Ts238U-skt001-oq23Mp&proCode=MTQ3MDUwMw&aid=17_1_12_[DATE]&mid=TMS&rid=[SEQ]
34,18_1_1,18,인터액션,1,어고트론 모니터거치대,1,1. 45-241-224 Matte Black 모니터 거치대,MTQ3MDQ3OQ,1470479,https://skt.sellerd.co.kr/m/product/details/sktlms?referrer=SKT_LMS&cid=Ts238U-skt001-oq23Mp&proCode=MTQ3MDQ3OQ&aid=18_1_1_[DATE]&mid=TMS&rid=[SEQ]
35,19_1_1,19,팜스킨,1,팜스킨,1,1. 왕풍선헤어팩_슈퍼푸드 올리브 헤어마스크 1Pack(3개입),MTQ3MDQ4MQ,1470481,https://skt.sellerd.co.kr/m/product/details/sktlms?referrer=SKT_LMS&cid=Ts238U-skt001-oq23Mp&proCode=MTQ3MDQ4MQ&aid=19_1_1_[DATE]&mid=TMS&rid=[SEQ]
35,19_1_1,19,팜스킨,1,팜스킨,1,2. 왕풍선헤어팩_슈퍼푸드 블랙베리 헤어마스크 1Pack(3개입),MTQ3MDQ4MQ,1470481,https://skt.sellerd.co.kr/m/product/details/sktlms?referrer=SKT_LMS&cid=Ts238U-skt001-oq23Mp&proCode=MTQ3MDQ4MQ&aid=19_1_1_[DATE]&mid=TMS&rid=[SEQ]
36,20_1_1,20,편강한방연구소,1,복세편살,1,1. 구전녹용 복세편살 10포 1박스,MTQ3MDQ4Mg,1470482,https://skt.sellerd.co.kr/m/product/details/sktlms?referrer=SKT_LMS&cid=Ts238U-skt001-oq23Mp&proCode=MTQ3MDQ4Mg&aid=20_1_1_[DATE]&mid=TMS&rid=[SEQ]
38,21_1_1,21,스윙임팩트,1,스윙임팩트,1,1. 홀인원 라이트 골프 스윙연습기,MTQ3MDQ5Ng,1470496,https://skt.sellerd.co.kr/m/product/details/sktlms?referrer=SKT_LMS&cid=Ts238U-skt001-oq23Mp&proCode=MTQ3MDQ5Ng&aid=21_1_1_[DATE]&mid=TMS&rid=[SEQ]
42,22_1_1,22,스킨플레이어,1,내셔널지오그래픽,1,에어팟/에어팟 프로/버즈 케이스,MTQ3MDUxMw,1470513,https://skt.sellerd.co.kr/m/product/details/sktlms?referrer=SKT_LMS&cid=Ts238U-skt001-oq23Mp&proCode=MTQ3MDUxMw&aid=22_1_1_[DATE]&mid=TMS&rid=[SEQ]
45,22_1_2,22,스킨플레이어,1,내셔널지오그래픽,2,브랜드 스몰로고 샌디 갤럭시 S20/S20+/S20 Ultra 폰케이스,MTQ3MDUxNA,1470514,https://skt.sellerd.co.kr/m/product/details/sktlms?referrer=SKT_LMS&cid=Ts238U-skt001-oq23Mp&proCode=MTQ3MDUxNA&aid=22_1_2_[DATE]&mid=TMS&rid=[SEQ]
45,22_1_3,22,스킨플레이어,1,내셔널지오그래픽,3,브랜드 스몰로고 하드쉘 갤럭시 S20/S20+/S20 Ultra 폰케이스,MTQ3MDUxNQ,1470515,https://skt.sellerd.co.kr/m/product/details/sktlms?referrer=SKT_LMS&cid=Ts238U-skt001-oq23Mp&proCode=MTQ3MDUxNQ&aid=22_1_3_[DATE]&mid=TMS&rid=[SEQ]
45,22_1_4,22,스킨플레이어,1,내셔널지오그래픽,4,글로벌씰 울트라슬림핏 갤럭시 S20/S20+/S20 Ultra 폰케이스,MTQ3MDUxNg,1470516,https://skt.sellerd.co.kr/m/product/details/sktlms?referrer=SKT_LMS&cid=Ts238U-skt001-oq23Mp&proCode=MTQ3MDUxNg&aid=22_1_4_[DATE]&mid=TMS&rid=[SEQ]
45,22_1_5,22,스킨플레이어,1,내셔널지오그래픽,5,글로벌씰 젤하드 갤럭시 S20/S20+/S20 Ultra 폰케이스,MTQ3MDUxNw,1470517,https://skt.sellerd.co.kr/m/product/details/sktlms?referrer=SKT_LMS&cid=Ts238U-skt001-oq23Mp&proCode=MTQ3MDUxNw&aid=22_1_5_[DATE]&mid=TMS&rid=[SEQ]
45,22_1_6,22,스킨플레이어,1,내셔널지오그래픽,6,글로벌씰 아이슬라이드 갤럭시 S20/S20+/S20 Ultra 폰케이스,MTQ3MDUxOA,1470518,https://skt.sellerd.co.kr/m/product/details/sktlms?referrer=SKT_LMS&cid=Ts238U-skt001-oq23Mp&proCode=MTQ3MDUxOA&aid=22_1_6_[DATE]&mid=TMS&rid=[SEQ]
45,22_1_7,22,스킨플레이어,1,내셔널지오그래픽,7,퍼더 샌디 갤럭시 S20/S20+/S20 Ultra 폰케이스,MTQ3MDUxOQ,1470519,https://skt.sellerd.co.kr/m/product/details/sktlms?referrer=SKT_LMS&cid=Ts238U-skt001-oq23Mp&proCode=MTQ3MDUxOQ&aid=22_1_7_[DATE]&mid=TMS&rid=[SEQ]
45,22_1_8,22,스킨플레이어,1,내셔널지오그래픽,8,갤럭시 Z플립 옐로우보더/글로벌씰/퍼더에디션 폰케이스,MTQ3MDUyMA,1470520,https://skt.sellerd.co.kr/m/product/details/sktlms?referrer=SKT_LMS&cid=Ts238U-skt001-oq23Mp&proCode=MTQ3MDUyMA&aid=22_1_8_[DATE]&mid=TMS&rid=[SEQ]
45,22_1_9,22,스킨플레이어,1,내셔널지오그래픽,9,갤럭시폴드 브라운/블랙 폰케이스,MTQ3MDUyMQ,1470521,https://skt.sellerd.co.kr/m/product/details/sktlms?referrer=SKT_LMS&cid=Ts238U-skt001-oq23Mp&proCode=MTQ3MDUyMQ&aid=22_1_9_[DATE]&mid=TMS&rid=[SEQ]
45,22_1_10,22,스킨플레이어,1,내셔널지오그래픽,10,러기드범퍼 아이폰11/아이폰11 Pro/아이폰11 Pro Max 폰케이스,MTQ3MDUyMg,1470522,https://skt.sellerd.co.kr/m/product/details/sktlms?referrer=SKT_LMS&cid=Ts238U-skt001-oq23Mp&proCode=MTQ3MDUyMg&aid=22_1_10_[DATE]&mid=TMS&rid=[SEQ]
45,22_1_11,22,스킨플레이어,1,내셔널지오그래픽,11,인투더와일드 젤리 아이폰11/아이폰11 Pro/아이폰11 Pro Max 폰케이스,MTQ3MDUyMw,1470523,https://skt.sellerd.co.kr/m/product/details/sktlms?referrer=SKT_LMS&cid=Ts238U-skt001-oq23Mp&proCode=MTQ3MDUyMw&aid=22_1_11_[DATE]&mid=TMS&rid=[SEQ]
45,22_1_12,22,스킨플레이어,1,내셔널지오그래픽,12,인투더와일드 더블 아이폰11/아이폰11 Pro/아이폰11 Pro Max 폰케이스,MTQ3MDUyNA,1470524,https://skt.sellerd.co.kr/m/product/details/sktlms?referrer=SKT_LMS&cid=Ts238U-skt001-oq23Mp&proCode=MTQ3MDUyNA&aid=22_1_12_[DATE]&mid=TMS&rid=[SEQ]
45,22_1_13,22,스킨플레이어,1,내셔널지오그래픽,13,글로벌씰 울트라슬림핏 아이폰11/아이폰11 Pro/아이폰11 Pro Max 폰케이스,MTQ3MDUyNQ,1470525,https://skt.sellerd.co.kr/m/product/details/sktlms?referrer=SKT_LMS&cid=Ts238U-skt001-oq23Mp&proCode=MTQ3MDUyNQ&aid=22_1_13_[DATE]&mid=TMS&rid=[SEQ]
45,22_1_14,22,스킨플레이어,1,내셔널지오그래픽,14,글로벌씰 젤리 아이폰11/아이폰11 Pro/아이폰11 Pro Max 폰케이스,MTQ3MDUyNg,1470526,https://skt.sellerd.co.kr/m/product/details/sktlms?referrer=SKT_LMS&cid=Ts238U-skt001-oq23Mp&proCode=MTQ3MDUyNg&aid=22_1_14_[DATE]&mid=TMS&rid=[SEQ]
45,22_1_15,22,스킨플레이어,1,내셔널지오그래픽,15,글로벌씰 아이슬라이드 아이폰11/아이폰11 Pro/아이폰11 Pro Max 폰케이스,MTQ3MDUyNw,1470527,https://skt.sellerd.co.kr/m/product/details/sktlms?referrer=SKT_LMS&cid=Ts238U-skt001-oq23Mp&proCode=MTQ3MDUyNw&aid=22_1_15_[DATE]&mid=TMS&rid=[SEQ]
45,22_1_16,22,스킨플레이어,1,내셔널지오그래픽,16,브랜드로고 하드쉘 아이폰11/아이폰11 Pro/아이폰11 Pro Max 폰케이스,MTQ3MDUyOA,1470528,https://skt.sellerd.co.kr/m/product/details/sktlms?referrer=SKT_LMS&cid=Ts238U-skt001-oq23Mp&proCode=MTQ3MDUyOA&aid=22_1_16_[DATE]&mid=TMS&rid=[SEQ]
45,22_1_17,22,스킨플레이어,1,내셔널지오그래픽,17,브랜드로고 샌디 아이폰11/아이폰11 Pro/아이폰11 Pro Max 폰케이스,MTQ3MDUyOQ,1470529,https://skt.sellerd.co.kr/m/product/details/sktlms?referrer=SKT_LMS&cid=Ts238U-skt001-oq23Mp&proCode=MTQ3MDUyOQ&aid=22_1_17_[DATE]&mid=TMS&rid=[SEQ]
43,23_1_1,23,봄날인터내셔널,1,봄날인터내셔널,1,"1. 군고구마말랭이 ",MTQ3MDUxMQ,1470511,https://skt.sellerd.co.kr/m/product/details/sktlms?referrer=SKT_LMS&cid=Ts238U-skt001-oq23Mp&proCode=MTQ3MDUxMQ&aid=23_1_1_[DATE]&mid=TMS&rid=[SEQ]
43,23_1_1,23,봄날인터내셔널,1,봄날인터내셔널,1,2. 고구마큐브/자색고구마큐브,MTQ3MDUxMQ,1470511,https://skt.sellerd.co.kr/m/product/details/sktlms?referrer=SKT_LMS&cid=Ts238U-skt001-oq23Mp&proCode=MTQ3MDUxMQ&aid=23_1_1_[DATE]&mid=TMS&rid=[SEQ]
43,23_1_1,23,봄날인터내셔널,1,봄날인터내셔널,1,3. 군고구마바,MTQ3MDUxMQ,1470511,https://skt.sellerd.co.kr/m/product/details/sktlms?referrer=SKT_LMS&cid=Ts238U-skt001-oq23Mp&proCode=MTQ3MDUxMQ&aid=23_1_1_[DATE]&mid=TMS&rid=[SEQ]
46,24_1_1,24,대웅제약,1,대웅제약,1,1. 에너씨슬 (30캡슐),MTQ3MDU0NQ,1470545,https://skt.sellerd.co.kr/m/product/details/sktlms?referrer=SKT_LMS&cid=Ts238U-skt001-oq23Mp&proCode=MTQ3MDU0NQ&aid=24_1_1_[DATE]&mid=TMS&rid=[SEQ]
46,24_1_1,24,대웅제약,1,대웅제약,1,2. 에너씨슬 콜레다운 (30캡슐),MTQ3MDU0NQ,1470545,https://skt.sellerd.co.kr/m/product/details/sktlms?referrer=SKT_LMS&cid=Ts238U-skt001-oq23Mp&proCode=MTQ3MDU0NQ&aid=24_1_1_[DATE]&mid=TMS&rid=[SEQ]
46,24_1_1,24,대웅제약,1,대웅제약,1,3. 락피더스 (20포),MTQ3MDU0NQ,1470545,https://skt.sellerd.co.kr/m/product/details/sktlms?referrer=SKT_LMS&cid=Ts238U-skt001-oq23Mp&proCode=MTQ3MDU0NQ&aid=24_1_1_[DATE]&mid=TMS&rid=[SEQ]
52,25_1_1,25,마이비,1,마이비,1,1. 라이킷 도시락 10종 10팩,MTQ3MDU4MQ,1470581,https://skt.sellerd.co.kr/m/product/details/sktlms?referrer=SKT_LMS&cid=Ts238U-skt001-oq23Mp&proCode=MTQ3MDU4MQ&aid=25_1_1_[DATE]&mid=TMS&rid=[SEQ]
52,25_1_2,25,마이비,1,마이비,2,2. 다이어트 도시락 밸런스라인 10종 10팩,MTQ3MDU4Mg,1470582,https://skt.sellerd.co.kr/m/product/details/sktlms?referrer=SKT_LMS&cid=Ts238U-skt001-oq23Mp&proCode=MTQ3MDU4Mg&aid=25_1_2_[DATE]&mid=TMS&rid=[SEQ]
52,25_1_3,25,마이비,1,마이비,3,3. 클린데이밀 6종 12팩,MTQ3MDU4Mw,1470583,https://skt.sellerd.co.kr/m/product/details/sktlms?referrer=SKT_LMS&cid=Ts238U-skt001-oq23Mp&proCode=MTQ3MDU4Mw&aid=25_1_3_[DATE]&mid=TMS&rid=[SEQ]
55,26_1_1,26,동아제약,1,파티온,1,1. 노스캄 리페어 모이스처 크림 50ml,MTQ3MDU4NQ,1470585,https://skt.sellerd.co.kr/m/product/details/sktlms?referrer=SKT_LMS&cid=Ts238U-skt001-oq23Mp&proCode=MTQ3MDU4NQ&aid=26_1_1_[DATE]&mid=TMS&rid=[SEQ]
55,26_1_1,26,동아제약,1,파티온,1,"2. 노스캄 리페어 선크림 50ml (SPF50+, PA++++)",MTQ3MDU4NQ,1470585,https://skt.sellerd.co.kr/m/product/details/sktlms?referrer=SKT_LMS&cid=Ts238U-skt001-oq23Mp&proCode=MTQ3MDU4NQ&aid=26_1_1_[DATE]&mid=TMS&rid=[SEQ]
55,26_1_1,26,동아제약,1,파티온,1,3. 아쿠아 바이옴 토너 패드 80매,MTQ3MDU4NQ,1470585,https://skt.sellerd.co.kr/m/product/details/sktlms?referrer=SKT_LMS&cid=Ts238U-skt001-oq23Mp&proCode=MTQ3MDU4NQ&aid=26_1_1_[DATE]&mid=TMS&rid=[SEQ]
55,26_1_1,26,동아제약,1,파티온,1,4.아쿠아 바이옴 수딩 앰플 30ml,MTQ3MDU4NQ,1470585,https://skt.sellerd.co.kr/m/product/details/sktlms?referrer=SKT_LMS&cid=Ts238U-skt001-oq23Mp&proCode=MTQ3MDU4NQ&aid=26_1_1_[DATE]&mid=TMS&rid=[SEQ]
55,26_1_1,26,동아제약,1,파티온,1,5. 아쿠아 바이옴 카밍 크림 50ml,MTQ3MDU4NQ,1470585,https://skt.sellerd.co.kr/m/product/details/sktlms?referrer=SKT_LMS&cid=Ts238U-skt001-oq23Mp&proCode=MTQ3MDU4NQ&aid=26_1_1_[DATE]&mid=TMS&rid=[SEQ]
55,26_1_1,26,동아제약,1,파티온,1,6. 콜라겐 일주일 체험팩  (더블 이펙트 퍼밍 콜라겐 7매),MTQ3MDU4NQ,1470585,https://skt.sellerd.co.kr/m/product/details/sktlms?referrer=SKT_LMS&cid=Ts238U-skt001-oq23Mp&proCode=MTQ3MDU4NQ&aid=26_1_1_[DATE]&mid=TMS&rid=[SEQ]
55,26_1_1,26,동아제약,1,파티온,1,7. 미네랄 일주일 체험팩  (더블 이펙트 리페어 미네랄 7매,MTQ3MDU4NQ,1470585,https://skt.sellerd.co.kr/m/product/details/sktlms?referrer=SKT_LMS&cid=Ts238U-skt001-oq23Mp&proCode=MTQ3MDU4NQ&aid=26_1_1_[DATE]&mid=TMS&rid=[SEQ]
55,26_1_1,26,동아제약,1,파티온,1,8. 프로바이오틱 일주일 체험팩  (더블 이펙트 카밍 프로바이오틱 7매),MTQ3MDU4NQ,1470585,https://skt.sellerd.co.kr/m/product/details/sktlms?referrer=SKT_LMS&cid=Ts238U-skt001-oq23Mp&proCode=MTQ3MDU4NQ&aid=26_1_1_[DATE]&mid=TMS&rid=[SEQ]
49,27_1_1,27,셀트리온,1,한스킨,1,"클렌징폼&블랙헤드[BHA/PHA 택1] + 사은품(해면스펀지, 실리콘브러쉬)",MTQ3MDU3NA,1470574,https://skt.sellerd.co.kr/m/product/details/sktlms?referrer=SKT_LMS&cid=Ts238U-skt001-oq23Mp&proCode=MTQ3MDU3NA&aid=27_1_1_[DATE]&mid=TMS&rid=[SEQ]
49,27_1_2,27,셀트리온,1,한스킨,2,"클렌징오일&블랙헤드[AHA/BHA/PHA 중 택1] + 사은품(해면스펀지, 실리콘브러쉬)",MTQ3MDU5NQ,1470575,https://skt.sellerd.co.kr/m/product/details/sktlms?referrer=SKT_LMS&cid=Ts238U-skt001-oq23Mp&proCode=MTQ3MDU5NQ&aid=27_1_2_[DATE]&mid=TMS&rid=[SEQ]
49,27_1_3,27,셀트리온,1,한스킨,3,"클렌징오일&블랙헤드[AHA/BHA/PHA 동일제품 1+1], 사은품(고양이 세안밴드)",MTQ3MDU5Ng,1470576,https://skt.sellerd.co.kr/m/product/details/sktlms?referrer=SKT_LMS&cid=Ts238U-skt001-oq23Mp&proCode=MTQ3MDU5Ng&aid=27_1_3_[DATE]&mid=TMS&rid=[SEQ]
51,28_1_1,28,알로이비즈,1,LG프라엘,1,LG 프라엘 플러스V 5종 풀패키지,MTQ3MDU4NA,1470584,https://skt.sellerd.co.kr/m/product/details/sktlms?referrer=SKT_LMS&cid=Ts238U-skt001-oq23Mp&proCode=MTQ3MDU4NA&aid=28_1_1_[DATE]&mid=TMS&rid=[SEQ]
55,29_1_1,29,동아제약,1,파티온,1,1.노스캄 리페어 라인 (선택 2종),MTQ3MDU4NQ,1470585,https://skt.sellerd.co.kr/m/product/details/sktlms?referrer=SKT_LMS&cid=Ts238U-skt001-oq23Mp&proCode=MTQ3MDU4NQ&aid=29_1_1_[DATE]&mid=TMS&rid=[SEQ]
55,29_1_2,29,동아제약,1,파티온,2,2.아쿠아 바이옴 라인 (선택 3종),MTQ3MDU5OA,1470598,https://skt.sellerd.co.kr/m/product/details/sktlms?referrer=SKT_LMS&cid=Ts238U-skt001-oq23Mp&proCode=MTQ3MDU5OA&aid=29_1_2_[DATE]&mid=TMS&rid=[SEQ]
55,29_1_3,29,동아제약,1,파티온,3,3.더블 이펙트 라인 (일주일 체험팩 7매) (선택 3종),MTQ3MDU5OQ,1470599,https://skt.sellerd.co.kr/m/product/details/sktlms?referrer=SKT_LMS&cid=Ts238U-skt001-oq23Mp&proCode=MTQ3MDU5OQ&aid=29_1_3_[DATE]&mid=TMS&rid=[SEQ]
56,30_1_1,30,매일유업,1,셀렉스,1,셀렉스 매일 마시는 프로틴 (14입),MTQ3MDU4Nw,1470587,https://skt.sellerd.co.kr/m/product/details/sktlms?referrer=SKT_LMS&cid=Ts238U-skt001-oq23Mp&proCode=MTQ3MDU4Nw&aid=30_1_1_[DATE]&mid=TMS&rid=[SEQ]
57,30_2_1,30,매일유업,2,바리스타룰스,1,바리스타룰스 디카페인 라떼 325ML (10개),MTQ3MDU4OA,1470588,https://skt.sellerd.co.kr/m/product/details/sktlms?referrer=SKT_LMS&cid=Ts238U-skt001-oq23Mp&proCode=MTQ3MDU4OA&aid=30_2_1_[DATE]&mid=TMS&rid=[SEQ]
